County,fips,Population
Autauga County AL,01001,54571
Baldwin County AL,01003,182265
Barbour County AL,01005,27457
Bibb County AL,01007,22915
Blount County AL,01009,57322
Bullock County AL,01011,10914
Butler County AL,01013,20947
Calhoun County AL,01015,118572
Chambers County AL,01017,34215
Cherokee County AL,01019,25989
Chilton County AL,01021,43643
Choctaw County AL,01023,13859
Clarke County AL,01025,25833
Clay County AL,01027,13932
Cleburne County AL,01029,14972
Coffee County AL,01031,49948
Colbert County AL,01033,54428
Conecuh County AL,01035,13228
Coosa County AL,01037,11539
Covington County AL,01039,37765
Crenshaw County AL,01041,13906
Cullman County AL,01043,80406
Dale County AL,01045,50251
Dallas County AL,01047,43820
DeKalb County AL,01049,71109
Elmore County AL,01051,79303
Escambia County AL,01053,38319
Etowah County AL,01055,104430
Fayette County AL,01057,17241
Franklin County AL,01059,31704
Geneva County AL,01061,26790
Greene County AL,01063,9045
Hale County AL,01065,15760
Henry County AL,01067,17302
Houston County AL,01069,101547
Jackson County AL,01071,53227
Jefferson County AL,01073,658466
Lamar County AL,01075,14564
Lauderdale County AL,01077,92709
Lawrence County AL,01079,34339
Lee County AL,01081,140247
Limestone County AL,01083,82782
Lowndes County AL,01085,11299
Macon County AL,01087,21452
Madison County AL,01089,334811
Marengo County AL,01091,21027
Marion County AL,01093,30776
Marshall County AL,01095,93019
Mobile County AL,01097,412992
Monroe County AL,01099,23068
Montgomery County AL,01101,229363
Morgan County AL,01103,119490
Perry County AL,01105,10591
Pickens County AL,01107,19746
Pike County AL,01109,32899
Randolph County AL,01111,22913
Russell County AL,01113,52947
St. Clair County AL,01115,83593
Shelby County AL,01117,195085
Sumter County AL,01119,13763
Talladega County AL,01121,82291
Tallapoosa County AL,01123,41616
Tuscaloosa County AL,01125,194656
Walker County AL,01127,67023
Washington County AL,01129,17581
Wilcox County AL,01131,11670
Winston County AL,01133,24484
Apache County AZ,04001,71518
Cochise County AZ,04003,131346
Coconino County AZ,04005,134421
Gila County AZ,04007,53597
Graham County AZ,04009,37220
Greenlee County AZ,04011,8437
La Paz County AZ,04012,20489
Maricopa County AZ,04013,3817117
Mohave County AZ,04015,200186
Navajo County AZ,04017,107449
Pima County AZ,04019,980263
Pinal County AZ,04021,375770
Santa Cruz County AZ,04023,47420
Yavapai County AZ,04025,211033
Yuma County AZ,04027,195751
Arkansas County AR,05001,19019
Ashley County AR,05003,21853
Baxter County AR,05005,41513
Benton County AR,05007,221339
Boone County AR,05009,36903
Bradley County AR,05011,11508
Calhoun County AR,05013,5368
Carroll County AR,05015,27446
Chicot County AR,05017,11800
Clark County AR,05019,22995
Clay County AR,05021,16083
Cleburne County AR,05023,25970
Cleveland County AR,05025,8689
Columbia County AR,05027,24552
Conway County AR,05029,21273
Craighead County AR,05031,96443
Crawford County AR,05033,61948
Crittenden County AR,05035,50902
Cross County AR,05037,17870
Dallas County AR,05039,8116
Desha County AR,05041,13008
Drew County AR,05043,18509
Faulkner County AR,05045,113237
Franklin County AR,05047,18125
Fulton County AR,05049,12245
Garland County AR,05051,96024
Grant County AR,05053,17853
Greene County AR,05055,42090
Hempstead County AR,05057,22609
Hot Spring County AR,05059,32923
Howard County AR,05061,13789
Independence County AR,05063,36647
Izard County AR,05065,13696
Jackson County AR,05067,17997
Jefferson County AR,05069,77435
Johnson County AR,05071,25540
Lafayette County AR,05073,7645
Lawrence County AR,05075,17415
Lee County AR,05077,10424
Lincoln County AR,05079,14134
Little River County AR,05081,13171
Logan County AR,05083,22353
Lonoke County AR,05085,68356
Madison County AR,05087,15717
Marion County AR,05089,16653
Miller County AR,05091,43462
Mississippi County AR,05093,46480
Monroe County AR,05095,8149
Montgomery County AR,05097,9487
Nevada County AR,05099,8997
Newton County AR,05101,8330
Ouachita County AR,05103,26120
Perry County AR,05105,10445
Phillips County AR,05107,21757
Pike County AR,05109,11291
Poinsett County AR,05111,24583
Polk County AR,05113,20662
Pope County AR,05115,61754
Prairie County AR,05117,8715
Pulaski County AR,05119,382748
Randolph County AR,05121,17969
St. Francis County AR,05123,28258
Saline County AR,05125,107118
Scott County AR,05127,11233
Searcy County AR,05129,8195
Sebastian County AR,05131,125744
Sevier County AR,05133,17058
Sharp County AR,05135,17264
Stone County AR,05137,12394
Union County AR,05139,41639
Van Buren County AR,05141,17295
Washington County AR,05143,203065
White County AR,05145,77076
Woodruff County AR,05147,7260
Yell County AR,05149,22185
Alameda County CA,06001,1510271
Alpine County CA,06003,1175
Amador County CA,06005,38091
Butte County CA,06007,220000
Calaveras County CA,06009,45578
Colusa County CA,06011,21419
Contra Costa County CA,06013,1049025
Del Norte County CA,06015,28610
El Dorado County CA,06017,181058
Fresno County CA,06019,930450
Glenn County CA,06021,28122
Humboldt County CA,06023,134623
Imperial County CA,06025,174528
Inyo County CA,06027,18546
Kern County CA,06029,839631
Kings County CA,06031,152982
Lake County CA,06033,64665
Lassen County CA,06035,34895
Los Angeles County CA,06037,9818605
Madera County CA,06039,150865
Marin County CA,06041,252409
Mariposa County CA,06043,18251
Mendocino County CA,06045,87841
Merced County CA,06047,255793
Modoc County CA,06049,9686
Mono County CA,06051,14202
Monterey County CA,06053,415057
Napa County CA,06055,136484
Nevada County CA,06057,98764
Orange County CA,06059,3010232
Placer County CA,06061,348432
Plumas County CA,06063,20007
Riverside County CA,06065,2189641
Sacramento County CA,06067,1418788
San Benito County CA,06069,55269
San Bernardino County CA,06071,2035210
San Diego County CA,06073,3095313
San Francisco County CA,06075,805235
San Joaquin County CA,06077,685306
San Luis Obispo County CA,06079,269637
San Mateo County CA,06081,718451
Santa Barbara County CA,06083,423895
Santa Clara County CA,06085,1781642
Santa Cruz County CA,06087,262382
Shasta County CA,06089,177223
Sierra County CA,06091,3240
Siskiyou County CA,06093,44900
Solano County CA,06095,413344
Sonoma County CA,06097,483878
Stanislaus County CA,06099,514453
Sutter County CA,06101,94737
Tehama County CA,06103,63463
Trinity County CA,06105,13786
Tulare County CA,06107,442179
Tuolumne County CA,06109,55365
Ventura County CA,06111,823318
Yolo County CA,06113,200849
Yuba County CA,06115,72155
Adams County CO,08001,441603
Alamosa County CO,08003,15445
Arapahoe County CO,08005,572003
Archuleta County CO,08007,12084
Baca County CO,08009,3788
Bent County CO,08011,6499
Boulder County CO,08013,294567
Broomfield County CO,08014,55889
Chaffee County CO,08015,17809
Cheyenne County CO,08017,1836
Clear Creek County CO,08019,9088
Conejos County CO,08021,8256
Costilla County CO,08023,3524
Crowley County CO,08025,5823
Custer County CO,08027,4255
Delta County CO,08029,30952
Denver County CO,08031,600158
Dolores County CO,08033,2064
Douglas County CO,08035,285465
Eagle County CO,08037,52197
Elbert County CO,08039,23086
El Paso County CO,08041,622263
Fremont County CO,08043,46824
Garfield County CO,08045,56389
Gilpin County CO,08047,5441
Grand County CO,08049,14843
Gunnison County CO,08051,15324
Hinsdale County CO,08053,843
Huerfano County CO,08055,6711
Jackson County CO,08057,1394
Jefferson County CO,08059,534543
Kiowa County CO,08061,1398
Kit Carson County CO,08063,8270
Lake County CO,08065,7310
La Plata County CO,08067,51334
Larimer County CO,08069,299630
Las Animas County CO,08071,15507
Lincoln County CO,08073,5467
Logan County CO,08075,22709
Mesa County CO,08077,146723
Mineral County CO,08079,712
Moffat County CO,08081,13795
Montezuma County CO,08083,25535
Montrose County CO,08085,41276
Morgan County CO,08087,28159
Otero County CO,08089,18831
Ouray County CO,08091,4436
Park County CO,08093,16206
Phillips County CO,08095,4442
Pitkin County CO,08097,17148
Prowers County CO,08099,12551
Pueblo County CO,08101,159063
Rio Blanco County CO,08103,6666
Rio Grande County CO,08105,11982
Routt County CO,08107,23509
Saguache County CO,08109,6108
San Juan County CO,08111,699
San Miguel County CO,08113,7359
Sedgwick County CO,08115,2379
Summit County CO,08117,27994
Teller County CO,08119,23350
Washington County CO,08121,4814
Weld County CO,08123,252825
Yuma County CO,08125,10043
Fairfield County CT,09001,916829
Hartford County CT,09003,894014
Litchfield County CT,09005,189927
Middlesex County CT,09007,165676
New Haven County CT,09009,862477
New London County CT,09011,274055
Tolland County CT,09013,152691
Windham County CT,09015,118428
Kent County DE,10001,162310
New Castle County DE,10003,538479
Sussex County DE,10005,197145
District of Columbia DC,11000,601723
Alachua County FL,12001,247336
Baker County FL,12003,27115
Bay County FL,12005,168852
Bradford County FL,12007,28520
Brevard County FL,12009,543376
Broward County FL,12011,1748066
Calhoun County FL,12013,14625
Charlotte County FL,12015,159978
Citrus County FL,12017,141236
Clay County FL,12019,190865
Collier County FL,12021,321520
Columbia County FL,12023,67531
DeSoto County FL,12027,34862
Dixie County FL,12029,16422
Duval County FL,12031,864263
Escambia County FL,12033,297619
Flagler County FL,12035,95696
Franklin County FL,12037,11549
Gadsden County FL,12039,46389
Gilchrist County FL,12041,16939
Glades County FL,12043,12884
Gulf County FL,12045,15863
Hamilton County FL,12047,14799
Hardee County FL,12049,27731
Hendry County FL,12051,39140
Hernando County FL,12053,172778
Highlands County FL,12055,98786
Hillsborough County FL,12057,1229226
Holmes County FL,12059,19927
Indian River County FL,12061,138028
Jackson County FL,12063,49746
Jefferson County FL,12065,14761
Lafayette County FL,12067,8870
Lake County FL,12069,297052
Lee County FL,12071,618754
Leon County FL,12073,275487
Levy County FL,12075,40801
Liberty County FL,12077,8365
Madison County FL,12079,19224
Manatee County FL,12081,322833
Marion County FL,12083,331298
Martin County FL,12085,146318
Miami-Dade County FL,12086,2496435
Monroe County FL,12087,73090
Nassau County FL,12089,73314
Okaloosa County FL,12091,180822
Okeechobee County FL,12093,39996
Orange County FL,12095,1145956
Osceola County FL,12097,268685
Palm Beach County FL,12099,1320134
Pasco County FL,12101,464697
Pinellas County FL,12103,916542
Polk County FL,12105,602095
Putnam County FL,12107,74364
St. Johns County FL,12109,190039
St. Lucie County FL,12111,277789
Santa Rosa County FL,12113,151372
Sarasota County FL,12115,379448
Seminole County FL,12117,422718
Sumter County FL,12119,93420
Suwannee County FL,12121,41551
Taylor County FL,12123,22570
Union County FL,12125,15535
Volusia County FL,12127,494593
Wakulla County FL,12129,30776
Walton County FL,12131,55043
Washington County FL,12133,24896
Appling County GA,13001,18236
Atkinson County GA,13003,8375
Bacon County GA,13005,11096
Baker County GA,13007,3451
Baldwin County GA,13009,45720
Banks County GA,13011,18395
Barrow County GA,13013,69367
Bartow County GA,13015,100157
Ben Hill County GA,13017,17634
Berrien County GA,13019,19286
Bibb County GA,13021,155547
Bleckley County GA,13023,13063
Brantley County GA,13025,18411
Brooks County GA,13027,16243
Bryan County GA,13029,30233
Bulloch County GA,13031,70217
Burke County GA,13033,23316
Butts County GA,13035,23655
Calhoun County GA,13037,6694
Camden County GA,13039,50513
Candler County GA,13043,10998
Carroll County GA,13045,110527
Catoosa County GA,13047,63942
Charlton County GA,13049,12171
Chatham County GA,13051,265128
Chattahoochee County GA,13053,11267
Chattooga County GA,13055,26015
Cherokee County GA,13057,214346
Clarke County GA,13059,116714
Clay County GA,13061,3183
Clayton County GA,13063,259424
Clinch County GA,13065,6798
Cobb County GA,13067,688078
Coffee County GA,13069,42356
Colquitt County GA,13071,45498
Columbia County GA,13073,124053
Cook County GA,13075,17212
Coweta County GA,13077,127317
Crawford County GA,13079,12630
Crisp County GA,13081,23439
Dade County GA,13083,16633
Dawson County GA,13085,22330
Decatur County GA,13087,27842
DeKalb County GA,13089,691893
Dodge County GA,13091,21796
Dooly County GA,13093,14918
Dougherty County GA,13095,94565
Douglas County GA,13097,132403
Early County GA,13099,11008
Echols County GA,13101,4034
Effingham County GA,13103,52250
Elbert County GA,13105,20166
Emanuel County GA,13107,22598
Evans County GA,13109,11000
Fannin County GA,13111,23682
Fayette County GA,13113,106567
Floyd County GA,13115,96317
Forsyth County GA,13117,175511
Franklin County GA,13119,22084
Fulton County GA,13121,920581
Gilmer County GA,13123,28292
Glascock County GA,13125,3082
Glynn County GA,13127,79626
Gordon County GA,13129,55186
Grady County GA,13131,25011
Greene County GA,13133,15994
Gwinnett County GA,13135,805321
Habersham County GA,13137,43041
Hall County GA,13139,179684
Hancock County GA,13141,9429
Haralson County GA,13143,28780
Harris County GA,13145,32024
Hart County GA,13147,25213
Heard County GA,13149,11834
Henry County GA,13151,203922
Houston County GA,13153,139900
Irwin County GA,13155,9538
Jackson County GA,13157,60485
Jasper County GA,13159,13900
Jeff Davis County GA,13161,15068
Jefferson County GA,13163,16930
Jenkins County GA,13165,8340
Johnson County GA,13167,9980
Jones County GA,13169,28669
Lamar County GA,13171,18317
Lanier County GA,13173,10078
Laurens County GA,13175,48434
Lee County GA,13177,28298
Liberty County GA,13179,63453
Lincoln County GA,13181,7996
Long County GA,13183,14464
Lowndes County GA,13185,109233
Lumpkin County GA,13187,29966
McDuffie County GA,13189,21875
McIntosh County GA,13191,14333
Macon County GA,13193,14740
Madison County GA,13195,28120
Marion County GA,13197,8742
Meriwether County GA,13199,21992
Miller County GA,13201,6125
Mitchell County GA,13205,23498
Monroe County GA,13207,26424
Montgomery County GA,13209,9123
Morgan County GA,13211,17868
Murray County GA,13213,39628
Muscogee County GA,13215,189885
Newton County GA,13217,99958
Oconee County GA,13219,32808
Oglethorpe County GA,13221,14899
Paulding County GA,13223,142324
Peach County GA,13225,27695
Pickens County GA,13227,29431
Pierce County GA,13229,18758
Pike County GA,13231,17869
Polk County GA,13233,41475
Pulaski County GA,13235,12010
Putnam County GA,13237,21218
Quitman County GA,13239,2513
Rabun County GA,13241,16276
Randolph County GA,13243,7719
Richmond County GA,13245,200549
Rockdale County GA,13247,85215
Schley County GA,13249,5010
Screven County GA,13251,14593
Seminole County GA,13253,8729
Spalding County GA,13255,64073
Stephens County GA,13257,26175
Stewart County GA,13259,6058
Sumter County GA,13261,32819
Talbot County GA,13263,6865
Taliaferro County GA,13265,1717
Tattnall County GA,13267,25520
Taylor County GA,13269,8906
Telfair County GA,13271,16500
Terrell County GA,13273,9315
Thomas County GA,13275,44720
Tift County GA,13277,40118
Toombs County GA,13279,27223
Towns County GA,13281,10471
Treutlen County GA,13283,6885
Troup County GA,13285,67044
Turner County GA,13287,8930
Twiggs County GA,13289,9023
Union County GA,13291,21356
Upson County GA,13293,27153
Walker County GA,13295,68756
Walton County GA,13297,83768
Ware County GA,13299,36312
Warren County GA,13301,5834
Washington County GA,13303,21187
Wayne County GA,13305,30099
Webster County GA,13307,2799
Wheeler County GA,13309,7421
White County GA,13311,27144
Whitfield County GA,13313,102599
Wilcox County GA,13315,9255
Wilkes County GA,13317,10593
Wilkinson County GA,13319,9563
Worth County GA,13321,21679
Ada County ID,16001,392365
Adams County ID,16003,3976
Bannock County ID,16005,82839
Bear Lake County ID,16007,5986
Benewah County ID,16009,9285
Bingham County ID,16011,45607
Blaine County ID,16013,21376
Boise County ID,16015,7028
Bonner County ID,16017,40877
Bonneville County ID,16019,104234
Boundary County ID,16021,10972
Butte County ID,16023,2891
Camas County ID,16025,1117
Canyon County ID,16027,188923
Caribou County ID,16029,6963
Cassia County ID,16031,22952
Clark County ID,16033,982
Clearwater County ID,16035,8761
Custer County ID,16037,4368
Elmore County ID,16039,27038
Franklin County ID,16041,12786
Fremont County ID,16043,13242
Gem County ID,16045,16719
Gooding County ID,16047,15464
Idaho County ID,16049,16267
Jefferson County ID,16051,26140
Jerome County ID,16053,22374
Kootenai County ID,16055,138494
Latah County ID,16057,37244
Lemhi County ID,16059,7936
Lewis County ID,16061,3821
Lincoln County ID,16063,5208
Madison County ID,16065,37536
Minidoka County ID,16067,20069
Nez Perce County ID,16069,39265
Oneida County ID,16071,4286
Owyhee County ID,16073,11526
Payette County ID,16075,22623
Power County ID,16077,7817
Shoshone County ID,16079,12765
Teton County ID,16081,10170
Twin Falls County ID,16083,77230
Valley County ID,16085,9862
Washington County ID,16087,10198
Adams County IL,17001,67103
Alexander County IL,17003,8238
Bond County IL,17005,17768
Boone County IL,17007,54165
Brown County IL,17009,6937
Bureau County IL,17011,34978
Calhoun County IL,17013,5089
Carroll County IL,17015,15387
Cass County IL,17017,13642
Champaign County IL,17019,201081
Christian County IL,17021,34800
Clark County IL,17023,16335
Clay County IL,17025,13815
Clinton County IL,17027,37762
Coles County IL,17029,53873
Cook County IL,17031,5194675
Crawford County IL,17033,19817
Cumberland County IL,17035,11048
DeKalb County IL,17037,105160
De Witt County IL,17039,16561
Douglas County IL,17041,19980
DuPage County IL,17043,916924
Edgar County IL,17045,18576
Edwards County IL,17047,6721
Effingham County IL,17049,34242
Fayette County IL,17051,22140
Ford County IL,17053,14081
Franklin County IL,17055,39561
Fulton County IL,17057,37069
Gallatin County IL,17059,5589
Greene County IL,17061,13886
Grundy County IL,17063,50063
Hamilton County IL,17065,8457
Hancock County IL,17067,19104
Hardin County IL,17069,4320
Henderson County IL,17071,7331
Henry County IL,17073,50486
Iroquois County IL,17075,29718
Jackson County IL,17077,60218
Jasper County IL,17079,9698
Jefferson County IL,17081,38827
Jersey County IL,17083,22985
Jo Daviess County IL,17085,22678
Johnson County IL,17087,12582
Kane County IL,17089,515269
Kankakee County IL,17091,113449
Kendall County IL,17093,114736
Knox County IL,17095,52919
Lake County IL,17097,703462
LaSalle County IL,17099,113924
Lawrence County IL,17101,16833
Lee County IL,17103,36031
Livingston County IL,17105,38950
Logan County IL,17107,30305
McDonough County IL,17109,32612
McHenry County IL,17111,308760
McLean County IL,17113,169572
Macon County IL,17115,110768
Macoupin County IL,17117,47765
Madison County IL,17119,269282
Marion County IL,17121,39437
Marshall County IL,17123,12640
Mason County IL,17125,14666
Massac County IL,17127,15429
Menard County IL,17129,12705
Mercer County IL,17131,16434
Monroe County IL,17133,32957
Montgomery County IL,17135,30104
Morgan County IL,17137,35547
Moultrie County IL,17139,14846
Ogle County IL,17141,53497
Peoria County IL,17143,186494
Perry County IL,17145,22350
Piatt County IL,17147,16729
Pike County IL,17149,16430
Pope County IL,17151,4470
Pulaski County IL,17153,6161
Putnam County IL,17155,6006
Randolph County IL,17157,33476
Richland County IL,17159,16233
Rock Island County IL,17161,147546
St. Clair County IL,17163,270056
Saline County IL,17165,24913
Sangamon County IL,17167,197465
Schuyler County IL,17169,7544
Scott County IL,17171,5355
Shelby County IL,17173,22363
Stark County IL,17175,5994
Stephenson County IL,17177,47711
Tazewell County IL,17179,135394
Union County IL,17181,17808
Vermilion County IL,17183,81625
Wabash County IL,17185,11947
Warren County IL,17187,17707
Washington County IL,17189,14716
Wayne County IL,17191,16760
White County IL,17193,14665
Whiteside County IL,17195,58498
Will County IL,17197,677560
Williamson County IL,17199,66357
Winnebago County IL,17201,295266
Woodford County IL,17203,38664
Adams County IN,18001,34387
Allen County IN,18003,355329
Bartholomew County IN,18005,76794
Benton County IN,18007,8854
Blackford County IN,18009,12766
Boone County IN,18011,56640
Brown County IN,18013,15242
Carroll County IN,18015,20155
Cass County IN,18017,38966
Clark County IN,18019,110232
Clay County IN,18021,26890
Clinton County IN,18023,33224
Crawford County IN,18025,10713
Daviess County IN,18027,31648
Dearborn County IN,18029,50047
Decatur County IN,18031,25740
DeKalb County IN,18033,42223
Delaware County IN,18035,117671
Dubois County IN,18037,41889
Elkhart County IN,18039,197559
Fayette County IN,18041,24277
Floyd County IN,18043,74578
Fountain County IN,18045,17240
Franklin County IN,18047,23087
Fulton County IN,18049,20836
Gibson County IN,18051,33503
Grant County IN,18053,70061
Greene County IN,18055,33165
Hamilton County IN,18057,274569
Hancock County IN,18059,70002
Harrison County IN,18061,39364
Hendricks County IN,18063,145448
Henry County IN,18065,49462
Howard County IN,18067,82752
Huntington County IN,18069,37124
Jackson County IN,18071,42376
Jasper County IN,18073,33478
Jay County IN,18075,21253
Jefferson County IN,18077,32428
Jennings County IN,18079,28525
Johnson County IN,18081,139654
Knox County IN,18083,38440
Kosciusko County IN,18085,77358
LaGrange County IN,18087,37128
Lake County IN,18089,496005
LaPorte County IN,18091,111467
Lawrence County IN,18093,46134
Madison County IN,18095,131636
Marion County IN,18097,903393
Marshall County IN,18099,47051
Martin County IN,18101,10334
Miami County IN,18103,36903
Monroe County IN,18105,137974
Montgomery County IN,18107,38124
Morgan County IN,18109,68894
Newton County IN,18111,14244
Noble County IN,18113,47536
Ohio County IN,18115,6128
Orange County IN,18117,19840
Owen County IN,18119,21575
Parke County IN,18121,17339
Perry County IN,18123,19338
Pike County IN,18125,12845
Porter County IN,18127,164343
Posey County IN,18129,25910
Pulaski County IN,18131,13402
Putnam County IN,18133,37963
Randolph County IN,18135,26171
Ripley County IN,18137,28818
Rush County IN,18139,17392
St. Joseph County IN,18141,266931
Scott County IN,18143,24181
Shelby County IN,18145,44436
Spencer County IN,18147,20952
Starke County IN,18149,23363
Steuben County IN,18151,34185
Sullivan County IN,18153,21475
Switzerland County IN,18155,10613
Tippecanoe County IN,18157,172780
Tipton County IN,18159,15936
Union County IN,18161,7516
Vanderburgh County IN,18163,179703
Vermillion County IN,18165,16212
Vigo County IN,18167,107848
Wabash County IN,18169,32888
Warren County IN,18171,8508
Warrick County IN,18173,59689
Washington County IN,18175,28262
Wayne County IN,18177,68917
Wells County IN,18179,27636
White County IN,18181,24643
Whitley County IN,18183,33292
Adair County IA,19001,7682
Adams County IA,19003,4029
Allamakee County IA,19005,14330
Appanoose County IA,19007,12887
Audubon County IA,19009,6119
Benton County IA,19011,26076
Black Hawk County IA,19013,131090
Boone County IA,19015,26306
Bremer County IA,19017,24276
Buchanan County IA,19019,20958
Buena Vista County IA,19021,20260
Butler County IA,19023,14867
Calhoun County IA,19025,9670
Carroll County IA,19027,20816
Cass County IA,19029,13956
Cedar County IA,19031,18499
Cerro Gordo County IA,19033,44151
Cherokee County IA,19035,12072
Chickasaw County IA,19037,12439
Clarke County IA,19039,9286
Clay County IA,19041,16667
Clayton County IA,19043,18129
Clinton County IA,19045,49116
Crawford County IA,19047,17096
Dallas County IA,19049,66135
Davis County IA,19051,8753
Decatur County IA,19053,8457
Delaware County IA,19055,17764
Des Moines County IA,19057,40325
Dickinson County IA,19059,16667
Dubuque County IA,19061,93653
Emmet County IA,19063,10302
Fayette County IA,19065,20880
Floyd County IA,19067,16303
Franklin County IA,19069,10680
Fremont County IA,19071,7441
Greene County IA,19073,9336
Grundy County IA,19075,12453
Guthrie County IA,19077,10954
Hamilton County IA,19079,15673
Hancock County IA,19081,11341
Hardin County IA,19083,17534
Harrison County IA,19085,14928
Henry County IA,19087,20145
Howard County IA,19089,9566
Humboldt County IA,19091,9815
Ida County IA,19093,7089
Iowa County IA,19095,16355
Jackson County IA,19097,19848
Jasper County IA,19099,36842
Jefferson County IA,19101,16843
Johnson County IA,19103,130882
Jones County IA,19105,20638
Keokuk County IA,19107,10511
Kossuth County IA,19109,15543
Lee County IA,19111,35862
Linn County IA,19113,211226
Louisa County IA,19115,11387
Lucas County IA,19117,8898
Lyon County IA,19119,11581
Madison County IA,19121,15679
Mahaska County IA,19123,22381
Marion County IA,19125,33309
Marshall County IA,19127,40648
Mills County IA,19129,15059
Mitchell County IA,19131,10776
Monona County IA,19133,9243
Monroe County IA,19135,7970
Montgomery County IA,19137,10740
Muscatine County IA,19139,42745
O'Brien County IA,19141,14398
Osceola County IA,19143,6462
Page County IA,19145,15932
Palo Alto County IA,19147,9421
Plymouth County IA,19149,24986
Pocahontas County IA,19151,7310
Polk County IA,19153,430640
Pottawattamie County IA,19155,93158
Poweshiek County IA,19157,18914
Ringgold County IA,19159,5131
Sac County IA,19161,10350
Scott County IA,19163,165224
Shelby County IA,19165,12167
Sioux County IA,19167,33704
Story County IA,19169,89542
Tama County IA,19171,17767
Taylor County IA,19173,6317
Union County IA,19175,12534
Van Buren County IA,19177,7570
Wapello County IA,19179,35625
Warren County IA,19181,46225
Washington County IA,19183,21704
Wayne County IA,19185,6403
Webster County IA,19187,38013
Winnebago County IA,19189,10866
Winneshiek County IA,19191,21056
Woodbury County IA,19193,102172
Worth County IA,19195,7598
Wright County IA,19197,13229
Allen County KS,20001,13371
Anderson County KS,20003,8102
Atchison County KS,20005,16924
Barber County KS,20007,4861
Barton County KS,20009,27674
Bourbon County KS,20011,15173
Brown County KS,20013,9984
Butler County KS,20015,65880
Chase County KS,20017,2790
Chautauqua County KS,20019,3669
Cherokee County KS,20021,21603
Cheyenne County KS,20023,2726
Clark County KS,20025,2215
Clay County KS,20027,8535
Cloud County KS,20029,9533
Coffey County KS,20031,8601
Comanche County KS,20033,1891
Cowley County KS,20035,36311
Crawford County KS,20037,39134
Decatur County KS,20039,2961
Dickinson County KS,20041,19754
Doniphan County KS,20043,7945
Douglas County KS,20045,110826
Edwards County KS,20047,3037
Elk County KS,20049,2882
Ellis County KS,20051,28452
Ellsworth County KS,20053,6497
Finney County KS,20055,36776
Ford County KS,20057,33848
Franklin County KS,20059,25992
Geary County KS,20061,34362
Gove County KS,20063,2695
Graham County KS,20065,2597
Grant County KS,20067,7829
Gray County KS,20069,6006
Greeley County KS,20071,1247
Greenwood County KS,20073,6689
Hamilton County KS,20075,2690
Harper County KS,20077,6034
Harvey County KS,20079,34684
Haskell County KS,20081,4256
Hodgeman County KS,20083,1916
Jackson County KS,20085,13462
Jefferson County KS,20087,19126
Jewell County KS,20089,3077
Johnson County KS,20091,544179
Kearny County KS,20093,3977
Kingman County KS,20095,7858
Kiowa County KS,20097,2553
Labette County KS,20099,21607
Lane County KS,20101,1750
Leavenworth County KS,20103,76227
Lincoln County KS,20105,3241
Linn County KS,20107,9656
Logan County KS,20109,2756
Lyon County KS,20111,33690
McPherson County KS,20113,29180
Marion County KS,20115,12660
Marshall County KS,20117,10117
Meade County KS,20119,4575
Miami County KS,20121,32787
Mitchell County KS,20123,6373
Montgomery County KS,20125,35471
Morris County KS,20127,5923
Morton County KS,20129,3233
Nemaha County KS,20131,10178
Neosho County KS,20133,16512
Ness County KS,20135,3107
Norton County KS,20137,5671
Osage County KS,20139,16295
Osborne County KS,20141,3858
Ottawa County KS,20143,6091
Pawnee County KS,20145,6973
Phillips County KS,20147,5642
Pottawatomie County KS,20149,21604
Pratt County KS,20151,9656
Rawlins County KS,20153,2519
Reno County KS,20155,64511
Republic County KS,20157,4980
Rice County KS,20159,10083
Riley County KS,20161,71115
Rooks County KS,20163,5181
Rush County KS,20165,3307
Russell County KS,20167,6970
Saline County KS,20169,55606
Scott County KS,20171,4936
Sedgwick County KS,20173,498365
Seward County KS,20175,22952
Shawnee County KS,20177,177934
Sheridan County KS,20179,2556
Sherman County KS,20181,6010
Smith County KS,20183,3853
Stafford County KS,20185,4437
Stanton County KS,20187,2235
Stevens County KS,20189,5724
Sumner County KS,20191,24132
Thomas County KS,20193,7900
Trego County KS,20195,3001
Wabaunsee County KS,20197,7053
Wallace County KS,20199,1485
Washington County KS,20201,5799
Wichita County KS,20203,2234
Wilson County KS,20205,9409
Woodson County KS,20207,3309
Wyandotte County KS,20209,157505
Adair County KY,21001,18656
Allen County KY,21003,19956
Anderson County KY,21005,21421
Ballard County KY,21007,8249
Barren County KY,21009,42173
Bath County KY,21011,11591
Bell County KY,21013,28691
Boone County KY,21015,118811
Bourbon County KY,21017,19985
Boyd County KY,21019,49542
Boyle County KY,21021,28432
Bracken County KY,21023,8488
Breathitt County KY,21025,13878
Breckinridge County KY,21027,20059
Bullitt County KY,21029,74319
Butler County KY,21031,12690
Caldwell County KY,21033,12984
Calloway County KY,21035,37191
Campbell County KY,21037,90336
Carlisle County KY,21039,5104
Carroll County KY,21041,10811
Carter County KY,21043,27720
Casey County KY,21045,15955
Christian County KY,21047,73955
Clark County KY,21049,35613
Clay County KY,21051,21730
Clinton County KY,21053,10272
Crittenden County KY,21055,9315
Cumberland County KY,21057,6856
Daviess County KY,21059,96656
Edmonson County KY,21061,12161
Elliott County KY,21063,7852
Estill County KY,21065,14672
Fayette County KY,21067,295803
Fleming County KY,21069,14348
Floyd County KY,21071,39451
Franklin County KY,21073,49285
Fulton County KY,21075,6813
Gallatin County KY,21077,8589
Garrard County KY,21079,16912
Grant County KY,21081,24662
Graves County KY,21083,37121
Grayson County KY,21085,25746
Green County KY,21087,11258
Greenup County KY,21089,36910
Hancock County KY,21091,8565
Hardin County KY,21093,105543
Harlan County KY,21095,29278
Harrison County KY,21097,18846
Hart County KY,21099,18199
Henderson County KY,21101,46250
Henry County KY,21103,15416
Hickman County KY,21105,4902
Hopkins County KY,21107,46920
Jackson County KY,21109,13494
Jefferson County KY,21111,741096
Jessamine County KY,21113,48586
Johnson County KY,21115,23356
Kenton County KY,21117,159720
Knott County KY,21119,16346
Knox County KY,21121,31883
Larue County KY,21123,14193
Laurel County KY,21125,58849
Lawrence County KY,21127,15860
Lee County KY,21129,7887
Leslie County KY,21131,11310
Letcher County KY,21133,24519
Lewis County KY,21135,13870
Lincoln County KY,21137,24742
Livingston County KY,21139,9519
Logan County KY,21141,26835
Lyon County KY,21143,8314
McCracken County KY,21145,65565
McCreary County KY,21147,18306
McLean County KY,21149,9531
Madison County KY,21151,82916
Magoffin County KY,21153,13333
Marion County KY,21155,19820
Marshall County KY,21157,31448
Martin County KY,21159,12929
Mason County KY,21161,17490
Meade County KY,21163,28602
Menifee County KY,21165,6306
Mercer County KY,21167,21331
Metcalfe County KY,21169,10099
Monroe County KY,21171,10963
Montgomery County KY,21173,26499
Morgan County KY,21175,13923
Muhlenberg County KY,21177,31499
Nelson County KY,21179,43437
Nicholas County KY,21181,7135
Ohio County KY,21183,23842
Oldham County KY,21185,60316
Owen County KY,21187,10841
Owsley County KY,21189,4755
Pendleton County KY,21191,14877
Perry County KY,21193,28712
Pike County KY,21195,65024
Powell County KY,21197,12613
Pulaski County KY,21199,63063
Robertson County KY,21201,2282
Rockcastle County KY,21203,17056
Rowan County KY,21205,23333
Russell County KY,21207,17565
Scott County KY,21209,47173
Shelby County KY,21211,42074
Simpson County KY,21213,17327
Spencer County KY,21215,17061
Taylor County KY,21217,24512
Todd County KY,21219,12460
Trigg County KY,21221,14339
Trimble County KY,21223,8809
Union County KY,21225,15007
Warren County KY,21227,113792
Washington County KY,21229,11717
Wayne County KY,21231,20813
Webster County KY,21233,13621
Whitley County KY,21235,35637
Wolfe County KY,21237,7355
Woodford County KY,21239,24939
Acadia Parish LA,22001,61773
Allen Parish LA,22003,25764
Ascension Parish LA,22005,107215
Assumption Parish LA,22007,23421
Avoyelles Parish LA,22009,42073
Beauregard Parish LA,22011,35654
Bienville Parish LA,22013,14353
Bossier Parish LA,22015,116979
Caddo Parish LA,22017,254969
Calcasieu Parish LA,22019,192768
Caldwell Parish LA,22021,10132
Cameron Parish LA,22023,6839
Catahoula Parish LA,22025,10407
Claiborne Parish LA,22027,17195
Concordia Parish LA,22029,20822
De Soto Parish LA,22031,26656
East Baton Rouge Parish LA,22033,440171
East Carroll Parish LA,22035,7759
East Feliciana Parish LA,22037,20267
Evangeline Parish LA,22039,33984
Franklin Parish LA,22041,20767
Grant Parish LA,22043,22309
Iberia Parish LA,22045,73240
Iberville Parish LA,22047,33387
Jackson Parish LA,22049,16274
Jefferson Parish LA,22051,432552
Jefferson Davis Parish LA,22053,31594
Lafayette Parish LA,22055,221578
Lafourche Parish LA,22057,96318
LaSalle Parish LA,22059,14890
Lincoln Parish LA,22061,46735
Livingston Parish LA,22063,128026
Madison Parish LA,22065,12093
Morehouse Parish LA,22067,27979
Natchitoches Parish LA,22069,39566
Orleans Parish LA,22071,343829
Ouachita Parish LA,22073,153720
Plaquemines Parish LA,22075,23042
Pointe Coupee Parish LA,22077,22802
Rapides Parish LA,22079,131613
Red River Parish LA,22081,9091
Richland Parish LA,22083,20725
Sabine Parish LA,22085,24233
St. Bernard Parish LA,22087,35897
St. Charles Parish LA,22089,52780
St. Helena Parish LA,22091,11203
St. James Parish LA,22093,22102
St. John the Baptist Parish LA,22095,45924
St. Landry Parish LA,22097,83384
St. Martin Parish LA,22099,52160
St. Mary Parish LA,22101,54650
St. Tammany Parish LA,22103,233740
Tangipahoa Parish LA,22105,121097
Tensas Parish LA,22107,5252
Terrebonne Parish LA,22109,111860
Union Parish LA,22111,22721
Vermilion Parish LA,22113,57999
Vernon Parish LA,22115,52334
Washington Parish LA,22117,47168
Webster Parish LA,22119,41207
West Baton Rouge Parish LA,22121,23788
West Carroll Parish LA,22123,11604
West Feliciana Parish LA,22125,15625
Winn Parish LA,22127,15313
Androscoggin County ME,23001,107702
Aroostook County ME,23003,71870
Cumberland County ME,23005,281674
Franklin County ME,23007,30768
Hancock County ME,23009,54418
Kennebec County ME,23011,122151
Knox County ME,23013,39736
Lincoln County ME,23015,34457
Oxford County ME,23017,57833
Penobscot County ME,23019,153923
Piscataquis County ME,23021,17535
Sagadahoc County ME,23023,35293
Somerset County ME,23025,52228
Waldo County ME,23027,38786
Washington County ME,23029,32856
York County ME,23031,197131
Allegany County MD,24001,75087
Anne Arundel County MD,24003,537656
Baltimore County MD,24005,805029
Calvert County MD,24009,88737
Caroline County MD,24011,33066
Carroll County MD,24013,167134
Cecil County MD,24015,101108
Charles County MD,24017,146551
Dorchester County MD,24019,32618
Frederick County MD,24021,233385
Garrett County MD,24023,30097
Harford County MD,24025,244826
Howard County MD,24027,287085
Kent County MD,24029,20197
Montgomery County MD,24031,971777
Prince George's County MD,24033,863420
Queen Anne's County MD,24035,47798
St. Mary's County MD,24037,105151
Somerset County MD,24039,26470
Talbot County MD,24041,37782
Washington County MD,24043,147430
Wicomico County MD,24045,98733
Worcester County MD,24047,51454
Baltimore city MD,24510,620961
Barnstable County MA,25001,215888
Berkshire County MA,25003,131219
Bristol County MA,25005,548285
Dukes County MA,25007,16535
Essex County MA,25009,743159
Franklin County MA,25011,71372
Hampden County MA,25013,463490
Hampshire County MA,25015,158080
Middlesex County MA,25017,1503085
Nantucket County MA,25019,10172
Norfolk County MA,25021,670850
Plymouth County MA,25023,494919
Suffolk County MA,25025,722023
Worcester County MA,25027,798552
Alcona County MI,26001,10942
Alger County MI,26003,9601
Allegan County MI,26005,111408
Alpena County MI,26007,29598
Antrim County MI,26009,23580
Arenac County MI,26011,15899
Baraga County MI,26013,8860
Barry County MI,26015,59173
Bay County MI,26017,107771
Benzie County MI,26019,17525
Berrien County MI,26021,156813
Branch County MI,26023,45248
Calhoun County MI,26025,136146
Cass County MI,26027,52293
Charlevoix County MI,26029,25949
Cheboygan County MI,26031,26152
Chippewa County MI,26033,38520
Clare County MI,26035,30926
Clinton County MI,26037,75382
Crawford County MI,26039,14074
Delta County MI,26041,37069
Dickinson County MI,26043,26168
Eaton County MI,26045,107759
Emmet County MI,26047,32694
Genesee County MI,26049,425790
Gladwin County MI,26051,25692
Gogebic County MI,26053,16427
Grand Traverse County MI,26055,86986
Gratiot County MI,26057,42476
Hillsdale County MI,26059,46688
Houghton County MI,26061,36628
Huron County MI,26063,33118
Ingham County MI,26065,280895
Ionia County MI,26067,63905
Iosco County MI,26069,25887
Iron County MI,26071,11817
Isabella County MI,26073,70311
Jackson County MI,26075,160248
Kalamazoo County MI,26077,250331
Kalkaska County MI,26079,17153
Kent County MI,26081,602622
Keweenaw County MI,26083,2156
Lake County MI,26085,11539
Lapeer County MI,26087,88319
Leelanau County MI,26089,21708
Lenawee County MI,26091,99892
Livingston County MI,26093,180967
Luce County MI,26095,6631
Mackinac County MI,26097,11113
Macomb County MI,26099,840978
Manistee County MI,26101,24733
Marquette County MI,26103,67077
Mason County MI,26105,28705
Mecosta County MI,26107,42798
Menominee County MI,26109,24029
Midland County MI,26111,83629
Missaukee County MI,26113,14849
Monroe County MI,26115,152021
Montcalm County MI,26117,63342
Montmorency County MI,26119,9765
Muskegon County MI,26121,172188
Newaygo County MI,26123,48460
Oakland County MI,26125,1202362
Oceana County MI,26127,26570
Ogemaw County MI,26129,21699
Ontonagon County MI,26131,6780
Osceola County MI,26133,23528
Oscoda County MI,26135,8640
Otsego County MI,26137,24164
Ottawa County MI,26139,263801
Presque Isle County MI,26141,13376
Roscommon County MI,26143,24449
Saginaw County MI,26145,200169
St. Clair County MI,26147,163040
St. Joseph County MI,26149,61295
Sanilac County MI,26151,43114
Schoolcraft County MI,26153,8485
Shiawassee County MI,26155,70648
Tuscola County MI,26157,55729
Van Buren County MI,26159,76258
Washtenaw County MI,26161,344791
Wayne County MI,26163,1820584
Wexford County MI,26165,32735
Aitkin County MN,27001,16202
Anoka County MN,27003,330844
Becker County MN,27005,32504
Beltrami County MN,27007,44442
Benton County MN,27009,38451
Big Stone County MN,27011,5269
Blue Earth County MN,27013,64013
Brown County MN,27015,25893
Carlton County MN,27017,35386
Carver County MN,27019,91042
Cass County MN,27021,28567
Chippewa County MN,27023,12441
Chisago County MN,27025,53887
Clay County MN,27027,58999
Clearwater County MN,27029,8695
Cook County MN,27031,5176
Cottonwood County MN,27033,11687
Crow Wing County MN,27035,62500
Dakota County MN,27037,398552
Dodge County MN,27039,20087
Douglas County MN,27041,36009
Faribault County MN,27043,14553
Fillmore County MN,27045,20866
Freeborn County MN,27047,31255
Goodhue County MN,27049,46183
Grant County MN,27051,6018
Hennepin County MN,27053,1152425
Houston County MN,27055,19027
Hubbard County MN,27057,20428
Isanti County MN,27059,37816
Itasca County MN,27061,45058
Jackson County MN,27063,10266
Kanabec County MN,27065,16239
Kandiyohi County MN,27067,42239
Kittson County MN,27069,4552
Koochiching County MN,27071,13311
Lac qui Parle County MN,27073,7259
Lake County MN,27075,10866
Lake of the Woods County MN,27077,4045
Le Sueur County MN,27079,27703
Lincoln County MN,27081,5896
Lyon County MN,27083,25857
McLeod County MN,27085,36651
Mahnomen County MN,27087,5413
Marshall County MN,27089,9439
Martin County MN,27091,20840
Meeker County MN,27093,23300
Mille Lacs County MN,27095,26097
Morrison County MN,27097,33198
Mower County MN,27099,39163
Murray County MN,27101,8725
Nicollet County MN,27103,32727
Nobles County MN,27105,21378
Norman County MN,27107,6852
Olmsted County MN,27109,144248
Otter Tail County MN,27111,57303
Pennington County MN,27113,13930
Pine County MN,27115,29750
Pipestone County MN,27117,9596
Polk County MN,27119,31600
Pope County MN,27121,10995
Ramsey County MN,27123,508640
Red Lake County MN,27125,4089
Redwood County MN,27127,16059
Renville County MN,27129,15730
Rice County MN,27131,64142
Rock County MN,27133,9687
Roseau County MN,27135,15629
St. Louis County MN,27137,200226
Scott County MN,27139,129928
Sherburne County MN,27141,88499
Sibley County MN,27143,15226
Stearns County MN,27145,150642
Steele County MN,27147,36576
Stevens County MN,27149,9726
Swift County MN,27151,9783
Todd County MN,27153,24895
Traverse County MN,27155,3558
Wabasha County MN,27157,21676
Wadena County MN,27159,13843
Waseca County MN,27161,19136
Washington County MN,27163,238136
Watonwan County MN,27165,11211
Wilkin County MN,27167,6576
Winona County MN,27169,51461
Wright County MN,27171,124700
Yellow Medicine County MN,27173,10438
Adams County MS,28001,32297
Alcorn County MS,28003,37057
Amite County MS,28005,13131
Attala County MS,28007,19564
Benton County MS,28009,8729
Bolivar County MS,28011,34145
Calhoun County MS,28013,14962
Carroll County MS,28015,10597
Chickasaw County MS,28017,17392
Choctaw County MS,28019,8547
Claiborne County MS,28021,9604
Clarke County MS,28023,16732
Clay County MS,28025,20634
Coahoma County MS,28027,26151
Copiah County MS,28029,29449
Covington County MS,28031,19568
DeSoto County MS,28033,161252
Forrest County MS,28035,74934
Franklin County MS,28037,8118
George County MS,28039,22578
Greene County MS,28041,14400
Grenada County MS,28043,21906
Hancock County MS,28045,43929
Harrison County MS,28047,187105
Hinds County MS,28049,245285
Holmes County MS,28051,19198
Humphreys County MS,28053,9375
Issaquena County MS,28055,1406
Itawamba County MS,28057,23401
Jackson County MS,28059,139668
Jasper County MS,28061,17062
Jefferson County MS,28063,7726
Jefferson Davis County MS,28065,12487
Jones County MS,28067,67761
Kemper County MS,28069,10456
Lafayette County MS,28071,47351
Lamar County MS,28073,55658
Lauderdale County MS,28075,80261
Lawrence County MS,28077,12929
Leake County MS,28079,23805
Lee County MS,28081,82910
Leflore County MS,28083,32317
Lincoln County MS,28085,34869
Lowndes County MS,28087,59779
Madison County MS,28089,95203
Marion County MS,28091,27088
Marshall County MS,28093,37144
Monroe County MS,28095,36989
Montgomery County MS,28097,10925
Neshoba County MS,28099,29676
Newton County MS,28101,21720
Noxubee County MS,28103,11545
Oktibbeha County MS,28105,47671
Panola County MS,28107,34707
Pearl River County MS,28109,55834
Perry County MS,28111,12250
Pike County MS,28113,40404
Pontotoc County MS,28115,29957
Prentiss County MS,28117,25276
Quitman County MS,28119,8223
Rankin County MS,28121,141617
Scott County MS,28123,28264
Sharkey County MS,28125,4916
Simpson County MS,28127,27503
Smith County MS,28129,16491
Stone County MS,28131,17786
Sunflower County MS,28133,29450
Tallahatchie County MS,28135,15378
Tate County MS,28137,28886
Tippah County MS,28139,22232
Tishomingo County MS,28141,19593
Tunica County MS,28143,10778
Union County MS,28145,27134
Walthall County MS,28147,15443
Warren County MS,28149,48773
Washington County MS,28151,51137
Wayne County MS,28153,20747
Webster County MS,28155,10253
Wilkinson County MS,28157,9878
Winston County MS,28159,19198
Yalobusha County MS,28161,12678
Yazoo County MS,28163,28065
Adair County MO,29001,25607
Andrew County MO,29003,17291
Atchison County MO,29005,5685
Audrain County MO,29007,25529
Barry County MO,29009,35597
Barton County MO,29011,12402
Bates County MO,29013,17049
Benton County MO,29015,19056
Bollinger County MO,29017,12363
Boone County MO,29019,162642
Buchanan County MO,29021,89201
Butler County MO,29023,42794
Caldwell County MO,29025,9424
Callaway County MO,29027,44332
Camden County MO,29029,44002
Cape Girardeau County MO,29031,75674
Carroll County MO,29033,9295
Carter County MO,29035,6265
Cass County MO,29037,99478
Cedar County MO,29039,13982
Chariton County MO,29041,7831
Christian County MO,29043,77422
Clark County MO,29045,7139
Clay County MO,29047,221939
Clinton County MO,29049,20743
Cole County MO,29051,75990
Cooper County MO,29053,17601
Crawford County MO,29055,24696
Dade County MO,29057,7883
Dallas County MO,29059,16777
Daviess County MO,29061,8433
DeKalb County MO,29063,12892
Dent County MO,29065,15657
Douglas County MO,29067,13684
Dunklin County MO,29069,31953
Franklin County MO,29071,101492
Gasconade County MO,29073,15222
Gentry County MO,29075,6738
Greene County MO,29077,275174
Grundy County MO,29079,10261
Harrison County MO,29081,8957
Henry County MO,29083,22272
Hickory County MO,29085,9627
Holt County MO,29087,4912
Howard County MO,29089,10144
Howell County MO,29091,40400
Iron County MO,29093,10630
Jackson County MO,29095,674158
Jasper County MO,29097,117404
Jefferson County MO,29099,218733
Johnson County MO,29101,52595
Knox County MO,29103,4131
Laclede County MO,29105,35571
Lafayette County MO,29107,33381
Lawrence County MO,29109,38634
Lewis County MO,29111,10211
Lincoln County MO,29113,52566
Linn County MO,29115,12761
Livingston County MO,29117,15195
McDonald County MO,29119,23083
Macon County MO,29121,15566
Madison County MO,29123,12226
Maries County MO,29125,9176
Marion County MO,29127,28781
Mercer County MO,29129,3785
Miller County MO,29131,24748
Mississippi County MO,29133,14358
Moniteau County MO,29135,15607
Monroe County MO,29137,8840
Montgomery County MO,29139,12236
Morgan County MO,29141,20565
New Madrid County MO,29143,18956
Newton County MO,29145,58114
Nodaway County MO,29147,23370
Oregon County MO,29149,10881
Osage County MO,29151,13878
Ozark County MO,29153,9723
Pemiscot County MO,29155,18296
Perry County MO,29157,18971
Pettis County MO,29159,42201
Phelps County MO,29161,45156
Pike County MO,29163,18516
Platte County MO,29165,89322
Polk County MO,29167,31137
Pulaski County MO,29169,52274
Putnam County MO,29171,4979
Ralls County MO,29173,10167
Randolph County MO,29175,25414
Ray County MO,29177,23494
Reynolds County MO,29179,6696
Ripley County MO,29181,14100
St. Charles County MO,29183,360485
St. Clair County MO,29185,9805
Ste. Genevieve County MO,29186,18145
St. Francois County MO,29187,65359
St. Louis County MO,29189,998954
Saline County MO,29195,23370
Schuyler County MO,29197,4431
Scotland County MO,29199,4843
Scott County MO,29201,39191
Shannon County MO,29203,8441
Shelby County MO,29205,6373
Stoddard County MO,29207,29968
Stone County MO,29209,32202
Sullivan County MO,29211,6714
Taney County MO,29213,51675
Texas County MO,29215,26008
Vernon County MO,29217,21159
Warren County MO,29219,32513
Washington County MO,29221,25195
Wayne County MO,29223,13521
Webster County MO,29225,36202
Worth County MO,29227,2171
Wright County MO,29229,18815
St. Louis city MO,29510,319294
Beaverhead County MT,30001,9246
Big Horn County MT,30003,12865
Blaine County MT,30005,6491
Broadwater County MT,30007,5612
Carbon County MT,30009,10078
Carter County MT,30011,1160
Cascade County MT,30013,81327
Chouteau County MT,30015,5813
Custer County MT,30017,11699
Daniels County MT,30019,1751
Dawson County MT,30021,8966
Deer Lodge County MT,30023,9298
Fallon County MT,30025,2890
Fergus County MT,30027,11586
Flathead County MT,30029,90928
Gallatin County MT,30031,89513
Garfield County MT,30033,1206
Glacier County MT,30035,13399
Golden Valley County MT,30037,884
Granite County MT,30039,3079
Hill County MT,30041,16096
Jefferson County MT,30043,11406
Judith Basin County MT,30045,2072
Lake County MT,30047,28746
Lewis and Clark County MT,30049,63395
Liberty County MT,30051,2339
Lincoln County MT,30053,19687
McCone County MT,30055,1734
Madison County MT,30057,7691
Meagher County MT,30059,1891
Mineral County MT,30061,4223
Missoula County MT,30063,109299
Musselshell County MT,30065,4538
Park County MT,30067,15636
Petroleum County MT,30069,494
Phillips County MT,30071,4253
Pondera County MT,30073,6153
Powder River County MT,30075,1743
Powell County MT,30077,7027
Prairie County MT,30079,1179
Ravalli County MT,30081,40212
Richland County MT,30083,9746
Roosevelt County MT,30085,10425
Rosebud County MT,30087,9233
Sanders County MT,30089,11413
Sheridan County MT,30091,3384
Silver Bow County MT,30093,34200
Stillwater County MT,30095,9117
Sweet Grass County MT,30097,3651
Teton County MT,30099,6073
Toole County MT,30101,5324
Treasure County MT,30103,718
Valley County MT,30105,7369
Wheatland County MT,30107,2168
Wibaux County MT,30109,1017
Yellowstone County MT,30111,147972
Adams County NE,31001,31364
Antelope County NE,31003,6685
Arthur County NE,31005,460
Banner County NE,31007,690
Blaine County NE,31009,478
Boone County NE,31011,5505
Box Butte County NE,31013,11308
Boyd County NE,31015,2099
Brown County NE,31017,3145
Buffalo County NE,31019,46102
Burt County NE,31021,6858
Butler County NE,31023,8395
Cass County NE,31025,25241
Cedar County NE,31027,8852
Chase County NE,31029,3966
Cherry County NE,31031,5713
Cheyenne County NE,31033,9998
Clay County NE,31035,6542
Colfax County NE,31037,10515
Cuming County NE,31039,9139
Custer County NE,31041,10939
Dakota County NE,31043,21006
Dawes County NE,31045,9182
Dawson County NE,31047,24326
Deuel County NE,31049,1941
Dixon County NE,31051,6000
Dodge County NE,31053,36691
Douglas County NE,31055,517110
Dundy County NE,31057,2008
Fillmore County NE,31059,5890
Franklin County NE,31061,3225
Frontier County NE,31063,2756
Furnas County NE,31065,4959
Gage County NE,31067,22311
Garden County NE,31069,2057
Garfield County NE,31071,2049
Gosper County NE,31073,2044
Grant County NE,31075,614
Greeley County NE,31077,2538
Hall County NE,31079,58607
Hamilton County NE,31081,9124
Harlan County NE,31083,3423
Hayes County NE,31085,967
Hitchcock County NE,31087,2908
Holt County NE,31089,10435
Hooker County NE,31091,736
Howard County NE,31093,6274
Jefferson County NE,31095,7547
Johnson County NE,31097,5217
Kearney County NE,31099,6489
Keith County NE,31101,8368
Keya Paha County NE,31103,824
Kimball County NE,31105,3821
Knox County NE,31107,8701
Lancaster County NE,31109,285407
Lincoln County NE,31111,36288
Logan County NE,31113,763
Loup County NE,31115,632
McPherson County NE,31117,539
Madison County NE,31119,34876
Merrick County NE,31121,7845
Morrill County NE,31123,5042
Nance County NE,31125,3735
Nemaha County NE,31127,7248
Nuckolls County NE,31129,4500
Otoe County NE,31131,15740
Pawnee County NE,31133,2773
Perkins County NE,31135,2970
Phelps County NE,31137,9188
Pierce County NE,31139,7266
Platte County NE,31141,32237
Polk County NE,31143,5406
Red Willow County NE,31145,11055
Richardson County NE,31147,8363
Rock County NE,31149,1526
Saline County NE,31151,14200
Sarpy County NE,31153,158840
Saunders County NE,31155,20780
Scotts Bluff County NE,31157,36970
Seward County NE,31159,16750
Sheridan County NE,31161,5469
Sherman County NE,31163,3152
Sioux County NE,31165,1311
Stanton County NE,31167,6129
Thayer County NE,31169,5228
Thomas County NE,31171,647
Thurston County NE,31173,6940
Valley County NE,31175,4260
Washington County NE,31177,20234
Wayne County NE,31179,9595
Webster County NE,31181,3812
Wheeler County NE,31183,818
York County NE,31185,13665
Churchill County NV,32001,24877
Clark County NV,32003,1951269
Douglas County NV,32005,46997
Elko County NV,32007,48818
Esmeralda County NV,32009,783
Eureka County NV,32011,2799
Humboldt County NV,32013,16528
Lander County NV,32015,5775
Lincoln County NV,32017,5345
Lyon County NV,32019,51980
Mineral County NV,32021,4772
Nye County NV,32023,43946
Pershing County NV,32027,6753
Storey County NV,32029,4010
Washoe County NV,32031,421407
White Pine County NV,32033,10030
Carson City NV,32510,55274
Belknap County NH,33001,60088
Carroll County NH,33003,47818
Cheshire County NH,33005,77117
Coos County NH,33007,33055
Grafton County NH,33009,89118
Hillsborough County NH,33011,400721
Merrimack County NH,33013,146445
Rockingham County NH,33015,295223
Strafford County NH,33017,123143
Sullivan County NH,33019,43742
Atlantic County NJ,34001,274549
Bergen County NJ,34003,905116
Burlington County NJ,34005,448734
Camden County NJ,34007,513657
Cape May County NJ,34009,97265
Cumberland County NJ,34011,156898
Essex County NJ,34013,783969
Gloucester County NJ,34015,288288
Hudson County NJ,34017,634266
Hunterdon County NJ,34019,128349
Mercer County NJ,34021,366513
Middlesex County NJ,34023,809858
Monmouth County NJ,34025,630380
Morris County NJ,34027,492276
Ocean County NJ,34029,576567
Passaic County NJ,34031,501226
Salem County NJ,34033,66083
Somerset County NJ,34035,323444
Sussex County NJ,34037,149265
Union County NJ,34039,536499
Warren County NJ,34041,108692
Bernalillo County NM,35001,662564
Catron County NM,35003,3725
Chaves County NM,35005,65645
Cibola County NM,35006,27213
Colfax County NM,35007,13750
Curry County NM,35009,48376
De Baca County NM,35011,2022
Dona Ana County NM,35013,209233
Eddy County NM,35015,53829
Grant County NM,35017,29514
Guadalupe County NM,35019,4687
Harding County NM,35021,695
Hidalgo County NM,35023,4894
Lea County NM,35025,64727
Lincoln County NM,35027,20497
Los Alamos County NM,35028,17950
Luna County NM,35029,25095
McKinley County NM,35031,71492
Mora County NM,35033,4881
Otero County NM,35035,63797
Quay County NM,35037,9041
Rio Arriba County NM,35039,40246
Roosevelt County NM,35041,19846
Sandoval County NM,35043,131561
San Juan County NM,35045,130044
San Miguel County NM,35047,29393
Santa Fe County NM,35049,144170
Sierra County NM,35051,11988
Socorro County NM,35053,17866
Taos County NM,35055,32937
Torrance County NM,35057,16383
Union County NM,35059,4549
Valencia County NM,35061,76569
Albany County NY,36001,304204
Allegany County NY,36003,48946
Bronx County NY,36005,1385108
Broome County NY,36007,200600
Cattaraugus County NY,36009,80317
Cayuga County NY,36011,80026
Chautauqua County NY,36013,134905
Chemung County NY,36015,88830
Chenango County NY,36017,50477
Clinton County NY,36019,82128
Columbia County NY,36021,63096
Cortland County NY,36023,49336
Delaware County NY,36025,47980
Dutchess County NY,36027,297488
Erie County NY,36029,919040
Essex County NY,36031,39370
Franklin County NY,36033,51599
Fulton County NY,36035,55531
Genesee County NY,36037,60079
Greene County NY,36039,49221
Hamilton County NY,36041,4836
Herkimer County NY,36043,64519
Jefferson County NY,36045,116229
Kings County NY,36047,2504700
Lewis County NY,36049,27087
Livingston County NY,36051,65393
Madison County NY,36053,73442
Monroe County NY,36055,744344
Montgomery County NY,36057,50219
Nassau County NY,36059,1339532
New York County NY,36061,1588828
Niagara County NY,36063,216469
Oneida County NY,36065,234878
Onondaga County NY,36067,467026
Ontario County NY,36069,107931
Orange County NY,36071,372813
Orleans County NY,36073,42883
Oswego County NY,36075,122109
Otsego County NY,36077,62259
Putnam County NY,36079,99710
Queens County NY,36081,2230722
Rensselaer County NY,36083,159429
Richmond County NY,36085,468730
Rockland County NY,36087,311687
St. Lawrence County NY,36089,111944
Saratoga County NY,36091,219607
Schenectady County NY,36093,154727
Schoharie County NY,36095,32749
Schuyler County NY,36097,18343
Seneca County NY,36099,35251
Steuben County NY,36101,98990
Suffolk County NY,36103,1493350
Sullivan County NY,36105,77547
Tioga County NY,36107,51125
Tompkins County NY,36109,101564
Ulster County NY,36111,182493
Warren County NY,36113,65707
Washington County NY,36115,63216
Wayne County NY,36117,93772
Westchester County NY,36119,949113
Wyoming County NY,36121,42155
Yates County NY,36123,25348
Alamance County NC,37001,151131
Alexander County NC,37003,37198
Alleghany County NC,37005,11155
Anson County NC,37007,26948
Ashe County NC,37009,27281
Avery County NC,37011,17797
Beaufort County NC,37013,47759
Bertie County NC,37015,21282
Bladen County NC,37017,35190
Brunswick County NC,37019,107431
Buncombe County NC,37021,238318
Burke County NC,37023,90912
Cabarrus County NC,37025,178011
Caldwell County NC,37027,83029
Camden County NC,37029,9980
Carteret County NC,37031,66469
Caswell County NC,37033,23719
Catawba County NC,37035,154358
Chatham County NC,37037,63505
Cherokee County NC,37039,27444
Chowan County NC,37041,14793
Clay County NC,37043,10587
Cleveland County NC,37045,98078
Columbus County NC,37047,58098
Craven County NC,37049,103505
Cumberland County NC,37051,319431
Currituck County NC,37053,23547
Dare County NC,37055,33920
Davidson County NC,37057,162878
Davie County NC,37059,41240
Duplin County NC,37061,58505
Durham County NC,37063,267587
Edgecombe County NC,37065,56552
Forsyth County NC,37067,350670
Franklin County NC,37069,60619
Gaston County NC,37071,206086
Gates County NC,37073,12197
Graham County NC,37075,8861
Granville County NC,37077,59916
Greene County NC,37079,21362
Guilford County NC,37081,488406
Halifax County NC,37083,54691
Harnett County NC,37085,114678
Haywood County NC,37087,59036
Henderson County NC,37089,106740
Hertford County NC,37091,24669
Hoke County NC,37093,46952
Hyde County NC,37095,5810
Iredell County NC,37097,159437
Jackson County NC,37099,40271
Johnston County NC,37101,168878
Jones County NC,37103,10153
Lee County NC,37105,57866
Lenoir County NC,37107,59495
Lincoln County NC,37109,78265
McDowell County NC,37111,44996
Macon County NC,37113,33922
Madison County NC,37115,20764
Martin County NC,37117,24505
Mecklenburg County NC,37119,919628
Mitchell County NC,37121,15579
Montgomery County NC,37123,27798
Moore County NC,37125,88247
Nash County NC,37127,95840
New Hanover County NC,37129,202667
Northampton County NC,37131,22099
Onslow County NC,37133,177772
Orange County NC,37135,133801
Pamlico County NC,37137,13144
Pasquotank County NC,37139,40661
Pender County NC,37141,52217
Perquimans County NC,37143,13453
Person County NC,37145,39464
Pitt County NC,37147,168148
Polk County NC,37149,20510
Randolph County NC,37151,141752
Richmond County NC,37153,46639
Robeson County NC,37155,134168
Rockingham County NC,37157,93643
Rowan County NC,37159,138428
Rutherford County NC,37161,67810
Sampson County NC,37163,63431
Scotland County NC,37165,36157
Stanly County NC,37167,60585
Stokes County NC,37169,47401
Surry County NC,37171,73673
Swain County NC,37173,13981
Transylvania County NC,37175,33090
Tyrrell County NC,37177,4407
Union County NC,37179,201292
Vance County NC,37181,45422
Wake County NC,37183,900993
Warren County NC,37185,20972
Washington County NC,37187,13228
Watauga County NC,37189,51079
Wayne County NC,37191,122623
Wilkes County NC,37193,69340
Wilson County NC,37195,81234
Yadkin County NC,37197,38406
Yancey County NC,37199,17818
Adams County ND,38001,2343
Barnes County ND,38003,11066
Benson County ND,38005,6660
Billings County ND,38007,783
Bottineau County ND,38009,6429
Bowman County ND,38011,3151
Burke County ND,38013,1968
Burleigh County ND,38015,81308
Cass County ND,38017,149778
Cavalier County ND,38019,3993
Dickey County ND,38021,5289
Divide County ND,38023,2071
Dunn County ND,38025,3536
Eddy County ND,38027,2385
Emmons County ND,38029,3550
Foster County ND,38031,3343
Golden Valley County ND,38033,1680
Grand Forks County ND,38035,66861
Grant County ND,38037,2394
Griggs County ND,38039,2420
Hettinger County ND,38041,2477
Kidder County ND,38043,2435
LaMoure County ND,38045,4139
Logan County ND,38047,1990
McHenry County ND,38049,5395
McIntosh County ND,38051,2809
McKenzie County ND,38053,6360
McLean County ND,38055,8962
Mercer County ND,38057,8424
Morton County ND,38059,27471
Mountrail County ND,38061,7673
Nelson County ND,38063,3126
Oliver County ND,38065,1846
Pembina County ND,38067,7413
Pierce County ND,38069,4357
Ramsey County ND,38071,11451
Ransom County ND,38073,5457
Renville County ND,38075,2470
Richland County ND,38077,16321
Rolette County ND,38079,13937
Sargent County ND,38081,3829
Sheridan County ND,38083,1321
Sioux County ND,38085,4153
Slope County ND,38087,727
Stark County ND,38089,24199
Steele County ND,38091,1975
Stutsman County ND,38093,21100
Towner County ND,38095,2246
Traill County ND,38097,8121
Walsh County ND,38099,11119
Ward County ND,38101,61675
Wells County ND,38103,4207
Williams County ND,38105,22398
Adams County OH,39001,28550
Allen County OH,39003,106331
Ashland County OH,39005,53139
Ashtabula County OH,39007,101497
Athens County OH,39009,64757
Auglaize County OH,39011,45949
Belmont County OH,39013,70400
Brown County OH,39015,44846
Butler County OH,39017,368130
Carroll County OH,39019,28836
Champaign County OH,39021,40097
Clark County OH,39023,138333
Clermont County OH,39025,197363
Clinton County OH,39027,42040
Columbiana County OH,39029,107841
Coshocton County OH,39031,36901
Crawford County OH,39033,43784
Cuyahoga County OH,39035,1280122
Darke County OH,39037,52959
Defiance County OH,39039,39037
Delaware County OH,39041,174214
Erie County OH,39043,77079
Fairfield County OH,39045,146156
Fayette County OH,39047,29030
Franklin County OH,39049,1163414
Fulton County OH,39051,42698
Gallia County OH,39053,30934
Geauga County OH,39055,93389
Greene County OH,39057,161573
Guernsey County OH,39059,40087
Hamilton County OH,39061,802374
Hancock County OH,39063,74782
Hardin County OH,39065,32058
Harrison County OH,39067,15864
Henry County OH,39069,28215
Highland County OH,39071,43589
Hocking County OH,39073,29380
Holmes County OH,39075,42366
Huron County OH,39077,59626
Jackson County OH,39079,33225
Jefferson County OH,39081,69709
Knox County OH,39083,60921
Lake County OH,39085,230041
Lawrence County OH,39087,62450
Licking County OH,39089,166492
Logan County OH,39091,45858
Lorain County OH,39093,301356
Lucas County OH,39095,441815
Madison County OH,39097,43435
Mahoning County OH,39099,238823
Marion County OH,39101,66501
Medina County OH,39103,172332
Meigs County OH,39105,23770
Mercer County OH,39107,40814
Miami County OH,39109,102506
Monroe County OH,39111,14642
Montgomery County OH,39113,535153
Morgan County OH,39115,15054
Morrow County OH,39117,34827
Muskingum County OH,39119,86074
Noble County OH,39121,14645
Ottawa County OH,39123,41428
Paulding County OH,39125,19614
Perry County OH,39127,36058
Pickaway County OH,39129,55698
Pike County OH,39131,28709
Portage County OH,39133,161419
Preble County OH,39135,42270
Putnam County OH,39137,34499
Richland County OH,39139,124475
Ross County OH,39141,78064
Sandusky County OH,39143,60944
Scioto County OH,39145,79499
Seneca County OH,39147,56745
Shelby County OH,39149,49423
Stark County OH,39151,375586
Summit County OH,39153,541781
Trumbull County OH,39155,210312
Tuscarawas County OH,39157,92582
Union County OH,39159,52300
Van Wert County OH,39161,28744
Vinton County OH,39163,13435
Warren County OH,39165,212693
Washington County OH,39167,61778
Wayne County OH,39169,114520
Williams County OH,39171,37642
Wood County OH,39173,125488
Wyandot County OH,39175,22615
Adair County OK,40001,22683
Alfalfa County OK,40003,5642
Atoka County OK,40005,14182
Beaver County OK,40007,5636
Beckham County OK,40009,22119
Blaine County OK,40011,11943
Bryan County OK,40013,42416
Caddo County OK,40015,29600
Canadian County OK,40017,115541
Carter County OK,40019,47557
Cherokee County OK,40021,46987
Choctaw County OK,40023,15205
Cimarron County OK,40025,2475
Cleveland County OK,40027,255755
Coal County OK,40029,5925
Comanche County OK,40031,124098
Cotton County OK,40033,6193
Craig County OK,40035,15029
Creek County OK,40037,69967
Custer County OK,40039,27469
Delaware County OK,40041,41487
Dewey County OK,40043,4810
Ellis County OK,40045,4151
Garfield County OK,40047,60580
Garvin County OK,40049,27576
Grady County OK,40051,52431
Grant County OK,40053,4527
Greer County OK,40055,6239
Harmon County OK,40057,2922
Harper County OK,40059,3685
Haskell County OK,40061,12769
Hughes County OK,40063,14003
Jackson County OK,40065,26446
Jefferson County OK,40067,6472
Johnston County OK,40069,10957
Kay County OK,40071,46562
Kingfisher County OK,40073,15034
Kiowa County OK,40075,9446
Latimer County OK,40077,11154
Le Flore County OK,40079,50384
Lincoln County OK,40081,34273
Logan County OK,40083,41848
Love County OK,40085,9423
McClain County OK,40087,34506
McCurtain County OK,40089,33151
McIntosh County OK,40091,20252
Major County OK,40093,7527
Marshall County OK,40095,15840
Mayes County OK,40097,41259
Murray County OK,40099,13488
Muskogee County OK,40101,70990
Noble County OK,40103,11561
Nowata County OK,40105,10536
Okfuskee County OK,40107,12191
Oklahoma County OK,40109,718633
Okmulgee County OK,40111,40069
Osage County OK,40113,47472
Ottawa County OK,40115,31848
Pawnee County OK,40117,16577
Payne County OK,40119,77350
Pittsburg County OK,40121,45837
Pontotoc County OK,40123,37492
Pottawatomie County OK,40125,69442
Pushmataha County OK,40127,11572
Roger Mills County OK,40129,3647
Rogers County OK,40131,86905
Seminole County OK,40133,25482
Sequoyah County OK,40135,42391
Stephens County OK,40137,45048
Texas County OK,40139,20640
Tillman County OK,40141,7992
Tulsa County OK,40143,603403
Wagoner County OK,40145,73085
Washington County OK,40147,50976
Washita County OK,40149,11629
Woods County OK,40151,8878
Woodward County OK,40153,20081
Baker County OR,41001,16134
Benton County OR,41003,85579
Clackamas County OR,41005,375992
Clatsop County OR,41007,37039
Columbia County OR,41009,49351
Coos County OR,41011,63043
Crook County OR,41013,20978
Curry County OR,41015,22364
Deschutes County OR,41017,157733
Douglas County OR,41019,107667
Gilliam County OR,41021,1871
Grant County OR,41023,7445
Harney County OR,41025,7422
Hood River County OR,41027,22346
Jackson County OR,41029,203206
Jefferson County OR,41031,21720
Josephine County OR,41033,82713
Klamath County OR,41035,66380
Lake County OR,41037,7895
Lane County OR,41039,351715
Lincoln County OR,41041,46034
Linn County OR,41043,116672
Malheur County OR,41045,31313
Marion County OR,41047,315335
Morrow County OR,41049,11173
Multnomah County OR,41051,735334
Polk County OR,41053,75403
Sherman County OR,41055,1765
Tillamook County OR,41057,25250
Umatilla County OR,41059,75889
Union County OR,41061,25748
Wallowa County OR,41063,7008
Wasco County OR,41065,25213
Washington County OR,41067,529710
Wheeler County OR,41069,1441
Yamhill County OR,41071,99193
Adams County PA,42001,101407
Allegheny County PA,42003,1223348
Armstrong County PA,42005,68941
Beaver County PA,42007,170539
Bedford County PA,42009,49762
Berks County PA,42011,411442
Blair County PA,42013,127089
Bradford County PA,42015,62622
Bucks County PA,42017,625249
Butler County PA,42019,183862
Cambria County PA,42021,143679
Cameron County PA,42023,5085
Carbon County PA,42025,65249
Centre County PA,42027,153990
Chester County PA,42029,498886
Clarion County PA,42031,39988
Clearfield County PA,42033,81642
Clinton County PA,42035,39238
Columbia County PA,42037,67295
Crawford County PA,42039,88765
Cumberland County PA,42041,235406
Dauphin County PA,42043,268100
Delaware County PA,42045,558979
Elk County PA,42047,31946
Erie County PA,42049,280566
Fayette County PA,42051,136606
Forest County PA,42053,7716
Franklin County PA,42055,149618
Fulton County PA,42057,14845
Greene County PA,42059,38686
Huntingdon County PA,42061,45913
Indiana County PA,42063,88880
Jefferson County PA,42065,45200
Juniata County PA,42067,24636
Lackawanna County PA,42069,214437
Lancaster County PA,42071,519445
Lawrence County PA,42073,91108
Lebanon County PA,42075,133568
Lehigh County PA,42077,349497
Luzerne County PA,42079,320918
Lycoming County PA,42081,116111
McKean County PA,42083,43450
Mercer County PA,42085,116638
Mifflin County PA,42087,46682
Monroe County PA,42089,169842
Montgomery County PA,42091,799874
Montour County PA,42093,18267
Northampton County PA,42095,297735
Northumberland County PA,42097,94528
Perry County PA,42099,45969
Philadelphia County PA,42101,1526006
Pike County PA,42103,57369
Potter County PA,42105,17457
Schuylkill County PA,42107,148289
Snyder County PA,42109,39702
Somerset County PA,42111,77742
Sullivan County PA,42113,6428
Susquehanna County PA,42115,43356
Tioga County PA,42117,41981
Union County PA,42119,44947
Venango County PA,42121,54984
Warren County PA,42123,41815
Washington County PA,42125,207820
Wayne County PA,42127,52822
Westmoreland County PA,42129,365169
Wyoming County PA,42131,28276
York County PA,42133,434972
Bristol County RI,44001,49875
Kent County RI,44003,166158
Newport County RI,44005,82888
Providence County RI,44007,626667
Washington County RI,44009,126979
Abbeville County SC,45001,25417
Aiken County SC,45003,160099
Allendale County SC,45005,10419
Anderson County SC,45007,187126
Bamberg County SC,45009,15987
Barnwell County SC,45011,22621
Beaufort County SC,45013,162233
Berkeley County SC,45015,177843
Calhoun County SC,45017,15175
Charleston County SC,45019,350209
Cherokee County SC,45021,55342
Chester County SC,45023,33140
Chesterfield County SC,45025,46734
Clarendon County SC,45027,34971
Colleton County SC,45029,38892
Darlington County SC,45031,68681
Dillon County SC,45033,32062
Dorchester County SC,45035,136555
Edgefield County SC,45037,26985
Fairfield County SC,45039,23956
Florence County SC,45041,136885
Georgetown County SC,45043,60158
Greenville County SC,45045,451225
Greenwood County SC,45047,69661
Hampton County SC,45049,21090
Horry County SC,45051,269291
Jasper County SC,45053,24777
Kershaw County SC,45055,61697
Lancaster County SC,45057,76652
Laurens County SC,45059,66537
Lee County SC,45061,19220
Lexington County SC,45063,262391
McCormick County SC,45065,10233
Marion County SC,45067,33062
Marlboro County SC,45069,28933
Newberry County SC,45071,37508
Oconee County SC,45073,74273
Orangeburg County SC,45075,92501
Pickens County SC,45077,119224
Richland County SC,45079,384504
Saluda County SC,45081,19875
Spartanburg County SC,45083,284307
Sumter County SC,45085,107456
Union County SC,45087,28961
Williamsburg County SC,45089,34423
York County SC,45091,226073
Aurora County SD,46003,2710
Beadle County SD,46005,17398
Bennett County SD,46007,3431
Bon Homme County SD,46009,7070
Brookings County SD,46011,31965
Brown County SD,46013,36531
Brule County SD,46015,5255
Buffalo County SD,46017,1912
Butte County SD,46019,10110
Campbell County SD,46021,1466
Charles Mix County SD,46023,9129
Clark County SD,46025,3691
Clay County SD,46027,13864
Codington County SD,46029,27227
Corson County SD,46031,4050
Custer County SD,46033,8216
Davison County SD,46035,19504
Day County SD,46037,5710
Deuel County SD,46039,4364
Dewey County SD,46041,5301
Douglas County SD,46043,3002
Edmunds County SD,46045,4071
Fall River County SD,46047,7094
Faulk County SD,46049,2364
Grant County SD,46051,7356
Gregory County SD,46053,4271
Haakon County SD,46055,1937
Hamlin County SD,46057,5903
Hand County SD,46059,3431
Hanson County SD,46061,3331
Harding County SD,46063,1255
Hughes County SD,46065,17022
Hutchinson County SD,46067,7343
Hyde County SD,46069,1420
Jackson County SD,46071,3031
Jerauld County SD,46073,2071
Jones County SD,46075,1006
Kingsbury County SD,46077,5148
Lake County SD,46079,11200
Lawrence County SD,46081,24097
Lincoln County SD,46083,44828
Lyman County SD,46085,3755
McCook County SD,46087,5618
McPherson County SD,46089,2459
Marshall County SD,46091,4656
Meade County SD,46093,25434
Mellette County SD,46095,2048
Miner County SD,46097,2389
Minnehaha County SD,46099,169468
Moody County SD,46101,6486
Pennington County SD,46103,100948
Perkins County SD,46105,2982
Potter County SD,46107,2329
Roberts County SD,46109,10149
Sanborn County SD,46111,2355
Shannon County SD,46113,13586
Spink County SD,46115,6415
Stanley County SD,46117,2966
Sully County SD,46119,1373
Todd County SD,46121,9612
Tripp County SD,46123,5644
Turner County SD,46125,8347
Union County SD,46127,14399
Walworth County SD,46129,5438
Yankton County SD,46135,22438
Ziebach County SD,46137,2801
Anderson County TN,47001,75129
Bedford County TN,47003,45058
Benton County TN,47005,16489
Bledsoe County TN,47007,12876
Blount County TN,47009,123010
Bradley County TN,47011,98963
Campbell County TN,47013,40716
Cannon County TN,47015,13801
Carroll County TN,47017,28522
Carter County TN,47019,57424
Cheatham County TN,47021,39105
Chester County TN,47023,17131
Claiborne County TN,47025,32213
Clay County TN,47027,7861
Cocke County TN,47029,35662
Coffee County TN,47031,52796
Crockett County TN,47033,14586
Cumberland County TN,47035,56053
Davidson County TN,47037,626681
Decatur County TN,47039,11757
DeKalb County TN,47041,18723
Dickson County TN,47043,49666
Dyer County TN,47045,38335
Fayette County TN,47047,38413
Fentress County TN,47049,17959
Franklin County TN,47051,41052
Gibson County TN,47053,49683
Giles County TN,47055,29485
Grainger County TN,47057,22657
Greene County TN,47059,68831
Grundy County TN,47061,13703
Hamblen County TN,47063,62544
Hamilton County TN,47065,336463
Hancock County TN,47067,6819
Hardeman County TN,47069,27253
Hardin County TN,47071,26026
Hawkins County TN,47073,56833
Haywood County TN,47075,18787
Henderson County TN,47077,27769
Henry County TN,47079,32330
Hickman County TN,47081,24690
Houston County TN,47083,8426
Humphreys County TN,47085,18538
Jackson County TN,47087,11638
Jefferson County TN,47089,51407
Johnson County TN,47091,18244
Knox County TN,47093,432226
Lake County TN,47095,7832
Lauderdale County TN,47097,27815
Lawrence County TN,47099,41869
Lewis County TN,47101,12161
Lincoln County TN,47103,33361
Loudon County TN,47105,48556
McMinn County TN,47107,52266
McNairy County TN,47109,26075
Macon County TN,47111,22248
Madison County TN,47113,98294
Marion County TN,47115,28237
Marshall County TN,47117,30617
Maury County TN,47119,80956
Meigs County TN,47121,11753
Monroe County TN,47123,44519
Montgomery County TN,47125,172331
Moore County TN,47127,6362
Morgan County TN,47129,21987
Obion County TN,47131,31807
Overton County TN,47133,22083
Perry County TN,47135,7915
Pickett County TN,47137,5077
Polk County TN,47139,16825
Putnam County TN,47141,72321
Rhea County TN,47143,31809
Roane County TN,47145,54181
Robertson County TN,47147,66283
Rutherford County TN,47149,262604
Scott County TN,47151,22228
Sequatchie County TN,47153,14112
Sevier County TN,47155,89889
Shelby County TN,47157,927644
Smith County TN,47159,19166
Stewart County TN,47161,13324
Sullivan County TN,47163,156823
Sumner County TN,47165,160645
Tipton County TN,47167,61081
Trousdale County TN,47169,7870
Unicoi County TN,47171,18313
Union County TN,47173,19109
Van Buren County TN,47175,5548
Warren County TN,47177,39839
Washington County TN,47179,122979
Wayne County TN,47181,17021
Weakley County TN,47183,35021
White County TN,47185,25841
Williamson County TN,47187,183182
Wilson County TN,47189,113993
Anderson County TX,48001,58458
Andrews County TX,48003,14786
Angelina County TX,48005,86771
Aransas County TX,48007,23158
Archer County TX,48009,9054
Armstrong County TX,48011,1901
Atascosa County TX,48013,44911
Austin County TX,48015,28417
Bailey County TX,48017,7165
Bandera County TX,48019,20485
Bastrop County TX,48021,74171
Baylor County TX,48023,3726
Bee County TX,48025,31861
Bell County TX,48027,310235
Bexar County TX,48029,1714773
Blanco County TX,48031,10497
Borden County TX,48033,641
Bosque County TX,48035,18212
Bowie County TX,48037,92565
Brazoria County TX,48039,313166
Brazos County TX,48041,194851
Brewster County TX,48043,9232
Briscoe County TX,48045,1637
Brooks County TX,48047,7223
Brown County TX,48049,38106
Burleson County TX,48051,17187
Burnet County TX,48053,42750
Caldwell County TX,48055,38066
Calhoun County TX,48057,21381
Callahan County TX,48059,13544
Cameron County TX,48061,406220
Camp County TX,48063,12401
Carson County TX,48065,6182
Cass County TX,48067,30464
Castro County TX,48069,8062
Chambers County TX,48071,35096
Cherokee County TX,48073,50845
Childress County TX,48075,7041
Clay County TX,48077,10752
Cochran County TX,48079,3127
Coke County TX,48081,3320
Coleman County TX,48083,8895
Collin County TX,48085,782341
Collingsworth County TX,48087,3057
Colorado County TX,48089,20874
Comal County TX,48091,108472
Comanche County TX,48093,13974
Concho County TX,48095,4087
Cooke County TX,48097,38437
Coryell County TX,48099,75388
Cottle County TX,48101,1505
Crane County TX,48103,4375
Crockett County TX,48105,3719
Crosby County TX,48107,6059
Culberson County TX,48109,2398
Dallam County TX,48111,6703
Dallas County TX,48113,2368139
Dawson County TX,48115,13833
Deaf Smith County TX,48117,19372
Delta County TX,48119,5231
Denton County TX,48121,662614
DeWitt County TX,48123,20097
Dickens County TX,48125,2444
Dimmit County TX,48127,9996
Donley County TX,48129,3677
Duval County TX,48131,11782
Eastland County TX,48133,18583
Ector County TX,48135,137130
Edwards County TX,48137,2002
Ellis County TX,48139,149610
El Paso County TX,48141,800647
Erath County TX,48143,37890
Falls County TX,48145,17866
Fannin County TX,48147,33915
Fayette County TX,48149,24554
Fisher County TX,48151,3974
Floyd County TX,48153,6446
Foard County TX,48155,1336
Fort Bend County TX,48157,585375
Franklin County TX,48159,10605
Freestone County TX,48161,19816
Frio County TX,48163,17217
Gaines County TX,48165,17526
Galveston County TX,48167,291309
Garza County TX,48169,6461
Gillespie County TX,48171,24837
Glasscock County TX,48173,1226
Goliad County TX,48175,7210
Gonzales County TX,48177,19807
Gray County TX,48179,22535
Grayson County TX,48181,120877
Gregg County TX,48183,121730
Grimes County TX,48185,26604
Guadalupe County TX,48187,131533
Hale County TX,48189,36273
Hall County TX,48191,3353
Hamilton County TX,48193,8517
Hansford County TX,48195,5613
Hardeman County TX,48197,4139
Hardin County TX,48199,54635
Harris County TX,48201,4092459
Harrison County TX,48203,65631
Hartley County TX,48205,6062
Haskell County TX,48207,5899
Hays County TX,48209,157107
Hemphill County TX,48211,3807
Henderson County TX,48213,78532
Hidalgo County TX,48215,774769
Hill County TX,48217,35089
Hockley County TX,48219,22935
Hood County TX,48221,51182
Hopkins County TX,48223,35161
Houston County TX,48225,23732
Howard County TX,48227,35012
Hudspeth County TX,48229,3476
Hunt County TX,48231,86129
Hutchinson County TX,48233,22150
Irion County TX,48235,1599
Jack County TX,48237,9044
Jackson County TX,48239,14075
Jasper County TX,48241,35710
Jeff Davis County TX,48243,2342
Jefferson County TX,48245,252273
Jim Hogg County TX,48247,5300
Jim Wells County TX,48249,40838
Johnson County TX,48251,150934
Jones County TX,48253,20202
Karnes County TX,48255,14824
Kaufman County TX,48257,103350
Kendall County TX,48259,33410
Kenedy County TX,48261,416
Kent County TX,48263,808
Kerr County TX,48265,49625
Kimble County TX,48267,4607
King County TX,48269,286
Kinney County TX,48271,3598
Kleberg County TX,48273,32061
Knox County TX,48275,3719
Lamar County TX,48277,49793
Lamb County TX,48279,13977
Lampasas County TX,48281,19677
La Salle County TX,48283,6886
Lavaca County TX,48285,19263
Lee County TX,48287,16612
Leon County TX,48289,16801
Liberty County TX,48291,75643
Limestone County TX,48293,23384
Lipscomb County TX,48295,3302
Live Oak County TX,48297,11531
Llano County TX,48299,19301
Loving County TX,48301,227
Lubbock County TX,48303,278831
Lynn County TX,48305,5915
McCulloch County TX,48307,8283
McLennan County TX,48309,234906
McMullen County TX,48311,748
Madison County TX,48313,13664
Marion County TX,48315,10546
Martin County TX,48317,4799
Mason County TX,48319,4012
Matagorda County TX,48321,36702
Maverick County TX,48323,54258
Medina County TX,48325,46006
Menard County TX,48327,2242
Midland County TX,48329,136872
Milam County TX,48331,24757
Mills County TX,48333,4936
Mitchell County TX,48335,9403
Montague County TX,48337,19719
Montgomery County TX,48339,455746
Moore County TX,48341,21904
Morris County TX,48343,12934
Motley County TX,48345,1210
Nacogdoches County TX,48347,64524
Navarro County TX,48349,47735
Newton County TX,48351,14445
Nolan County TX,48353,15216
Nueces County TX,48355,340223
Ochiltree County TX,48357,10223
Oldham County TX,48359,2052
Orange County TX,48361,81837
Palo Pinto County TX,48363,28111
Panola County TX,48365,23796
Parker County TX,48367,116927
Parmer County TX,48369,10269
Pecos County TX,48371,15507
Polk County TX,48373,45413
Potter County TX,48375,121073
Presidio County TX,48377,7818
Rains County TX,48379,10914
Randall County TX,48381,120725
Reagan County TX,48383,3367
Real County TX,48385,3309
Red River County TX,48387,12860
Reeves County TX,48389,13783
Refugio County TX,48391,7383
Roberts County TX,48393,929
Robertson County TX,48395,16622
Rockwall County TX,48397,78337
Runnels County TX,48399,10501
Rusk County TX,48401,53330
Sabine County TX,48403,10834
San Augustine County TX,48405,8865
San Jacinto County TX,48407,26384
San Patricio County TX,48409,64804
San Saba County TX,48411,6131
Schleicher County TX,48413,3461
Scurry County TX,48415,16921
Shackelford County TX,48417,3378
Shelby County TX,48419,25448
Sherman County TX,48421,3034
Smith County TX,48423,209714
Somervell County TX,48425,8490
Starr County TX,48427,60968
Stephens County TX,48429,9630
Sterling County TX,48431,1143
Stonewall County TX,48433,1490
Sutton County TX,48435,4128
Swisher County TX,48437,7854
Tarrant County TX,48439,1809034
Taylor County TX,48441,131506
Terrell County TX,48443,984
Terry County TX,48445,12651
Throckmorton County TX,48447,1641
Titus County TX,48449,32334
Tom Green County TX,48451,110224
Travis County TX,48453,1024266
Trinity County TX,48455,14585
Tyler County TX,48457,21766
Upshur County TX,48459,39309
Upton County TX,48461,3355
Uvalde County TX,48463,26405
Val Verde County TX,48465,48879
Van Zandt County TX,48467,52579
Victoria County TX,48469,86793
Walker County TX,48471,67861
Waller County TX,48473,43205
Ward County TX,48475,10658
Washington County TX,48477,33718
Webb County TX,48479,250304
Wharton County TX,48481,41280
Wheeler County TX,48483,5410
Wichita County TX,48485,131500
Wilbarger County TX,48487,13535
Willacy County TX,48489,22134
Williamson County TX,48491,422679
Wilson County TX,48493,42918
Winkler County TX,48495,7110
Wise County TX,48497,59127
Wood County TX,48499,41964
Yoakum County TX,48501,7879
Young County TX,48503,18550
Zapata County TX,48505,14018
Zavala County TX,48507,11677
Beaver County UT,49001,6629
Box Elder County UT,49003,49975
Cache County UT,49005,112656
Carbon County UT,49007,21403
Daggett County UT,49009,1059
Davis County UT,49011,306479
Duchesne County UT,49013,18607
Emery County UT,49015,10976
Garfield County UT,49017,5172
Grand County UT,49019,9225
Iron County UT,49021,46163
Juab County UT,49023,10246
Kane County UT,49025,7125
Millard County UT,49027,12503
Morgan County UT,49029,9469
Piute County UT,49031,1556
Rich County UT,49033,2264
Salt Lake County UT,49035,1029655
San Juan County UT,49037,14746
Sanpete County UT,49039,27822
Sevier County UT,49041,20802
Summit County UT,49043,36324
Tooele County UT,49045,58218
Uintah County UT,49047,32588
Utah County UT,49049,516564
Wasatch County UT,49051,23530
Washington County UT,49053,138115
Wayne County UT,49055,2778
Weber County UT,49057,231236
Addison County VT,50001,36821
Bennington County VT,50003,37125
Caledonia County VT,50005,31227
Chittenden County VT,50007,156545
Essex County VT,50009,6306
Franklin County VT,50011,47746
Grand Isle County VT,50013,6970
Lamoille County VT,50015,24475
Orange County VT,50017,28936
Orleans County VT,50019,27231
Rutland County VT,50021,61642
Washington County VT,50023,59534
Windham County VT,50025,44513
Windsor County VT,50027,56670
Accomack County VA,51001,33164
Albemarle County VA,51003,98970
Alleghany County VA,51005,16250
Amelia County VA,51007,12690
Amherst County VA,51009,32353
Appomattox County VA,51011,14973
Arlington County VA,51013,207627
Augusta County VA,51015,73750
Bath County VA,51017,4731
Bedford County VA,51019,68676
Bland County VA,51021,6824
Botetourt County VA,51023,33148
Brunswick County VA,51025,17434
Buchanan County VA,51027,24098
Buckingham County VA,51029,17146
Campbell County VA,51031,54842
Caroline County VA,51033,28545
Carroll County VA,51035,30042
Charles City County VA,51036,7256
Charlotte County VA,51037,12586
Chesterfield County VA,51041,316236
Clarke County VA,51043,14034
Craig County VA,51045,5190
Culpeper County VA,51047,46689
Cumberland County VA,51049,10052
Dickenson County VA,51051,15903
Dinwiddie County VA,51053,28001
Essex County VA,51057,11151
Fairfax County VA,51059,1081726
Fauquier County VA,51061,65203
Floyd County VA,51063,15279
Fluvanna County VA,51065,25691
Franklin County VA,51067,56159
Frederick County VA,51069,78305
Giles County VA,51071,17286
Gloucester County VA,51073,36858
Goochland County VA,51075,21717
Grayson County VA,51077,15533
Greene County VA,51079,18403
Greensville County VA,51081,12243
Halifax County VA,51083,36241
Hanover County VA,51085,99863
Henrico County VA,51087,306935
Henry County VA,51089,54151
Highland County VA,51091,2321
Isle of Wight County VA,51093,35270
James City County VA,51095,67009
King and Queen County VA,51097,6945
King George County VA,51099,23584
King William County VA,51101,15935
Lancaster County VA,51103,11391
Lee County VA,51105,25587
Loudoun County VA,51107,312311
Louisa County VA,51109,33153
Lunenburg County VA,51111,12914
Madison County VA,51113,13308
Mathews County VA,51115,8978
Mecklenburg County VA,51117,32727
Middlesex County VA,51119,10959
Montgomery County VA,51121,94392
Nelson County VA,51125,15020
New Kent County VA,51127,18429
Northampton County VA,51131,12389
Northumberland County VA,51133,12330
Nottoway County VA,51135,15853
Orange County VA,51137,33481
Page County VA,51139,24042
Patrick County VA,51141,18490
Pittsylvania County VA,51143,63506
Powhatan County VA,51145,28046
Prince Edward County VA,51147,23368
Prince George County VA,51149,35725
Prince William County VA,51153,402002
Pulaski County VA,51155,34872
Rappahannock County VA,51157,7373
Richmond County VA,51159,9254
Roanoke County VA,51161,92376
Rockbridge County VA,51163,22307
Rockingham County VA,51165,76314
Russell County VA,51167,28897
Scott County VA,51169,23177
Shenandoah County VA,51171,41993
Smyth County VA,51173,32208
Southampton County VA,51175,18570
Spotsylvania County VA,51177,122397
Stafford County VA,51179,128961
Surry County VA,51181,7058
Sussex County VA,51183,12087
Tazewell County VA,51185,45078
Warren County VA,51187,37575
Washington County VA,51191,54876
Westmoreland County VA,51193,17454
Wise County VA,51195,41452
Wythe County VA,51197,29235
York County VA,51199,65464
Alexandria city VA,51510,139966
Bristol city VA,51520,17835
Buena Vista city VA,51530,6650
Charlottesville city VA,51540,43475
Chesapeake city VA,51550,222209
Colonial Heights city VA,51570,17411
Covington city VA,51580,5961
Danville city VA,51590,43055
Emporia city VA,51595,5927
Fairfax city VA,51600,24607
Falls Church city VA,51610,12332
Franklin city VA,51620,8582
Fredericksburg city VA,51630,24286
Galax city VA,51640,7042
Hampton city VA,51650,137436
Harrisonburg city VA,51660,48914
Hopewell city VA,51670,22591
Lexington city VA,51678,7042
Lynchburg city VA,51680,75568
Manassas city VA,51683,37821
Manassas Park city VA,51685,14273
Martinsville city VA,51690,13821
Newport News city VA,51700,180719
Norfolk city VA,51710,242803
Norton city VA,51720,3958
Petersburg city VA,51730,32420
Poquoson city VA,51735,12150
Portsmouth city VA,51740,95535
Radford city VA,51750,16408
Richmond city VA,51760,204214
Roanoke city VA,51770,97032
Salem city VA,51775,24802
Staunton city VA,51790,23746
Suffolk city VA,51800,84585
Virginia Beach city VA,51810,437994
Waynesboro city VA,51820,21006
Williamsburg city VA,51830,14068
Winchester city VA,51840,26203
Adams County WA,53001,18728
Asotin County WA,53003,21623
Benton County WA,53005,175177
Chelan County WA,53007,72453
Clallam County WA,53009,71404
Clark County WA,53011,425363
Columbia County WA,53013,4078
Cowlitz County WA,53015,102410
Douglas County WA,53017,38431
Ferry County WA,53019,7551
Franklin County WA,53021,78163
Garfield County WA,53023,2266
Grant County WA,53025,89120
Grays Harbor County WA,53027,72797
Island County WA,53029,78506
Jefferson County WA,53031,29872
King County WA,53033,1931249
Kitsap County WA,53035,251133
Kittitas County WA,53037,40915
Klickitat County WA,53039,20318
Lewis County WA,53041,75455
Lincoln County WA,53043,10570
Mason County WA,53045,60699
Okanogan County WA,53047,41120
Pacific County WA,53049,20920
Pend Oreille County WA,53051,13001
Pierce County WA,53053,795225
San Juan County WA,53055,15769
Skagit County WA,53057,116901
Skamania County WA,53059,11066
Snohomish County WA,53061,713335
Spokane County WA,53063,471221
Stevens County WA,53065,43531
Thurston County WA,53067,252264
Wahkiakum County WA,53069,3978
Walla Walla County WA,53071,58781
Whatcom County WA,53073,201140
Whitman County WA,53075,44776
Yakima County WA,53077,243231
Barbour County WV,54001,16589
Berkeley County WV,54003,104169
Boone County WV,54005,24629
Braxton County WV,54007,14523
Brooke County WV,54009,24069
Cabell County WV,54011,96319
Calhoun County WV,54013,7627
Clay County WV,54015,9386
Doddridge County WV,54017,8202
Fayette County WV,54019,46039
Gilmer County WV,54021,8693
Grant County WV,54023,11937
Greenbrier County WV,54025,35480
Hampshire County WV,54027,23964
Hancock County WV,54029,30676
Hardy County WV,54031,14025
Harrison County WV,54033,69099
Jackson County WV,54035,29211
Jefferson County WV,54037,53498
Kanawha County WV,54039,193063
Lewis County WV,54041,16372
Lincoln County WV,54043,21720
Logan County WV,54045,36743
McDowell County WV,54047,22113
Marion County WV,54049,56418
Marshall County WV,54051,33107
Mason County WV,54053,27324
Mercer County WV,54055,62264
Mineral County WV,54057,28212
Mingo County WV,54059,26839
Monongalia County WV,54061,96189
Monroe County WV,54063,13502
Morgan County WV,54065,17541
Nicholas County WV,54067,26233
Ohio County WV,54069,44443
Pendleton County WV,54071,7695
Pleasants County WV,54073,7605
Pocahontas County WV,54075,8719
Preston County WV,54077,33520
Putnam County WV,54079,55486
Raleigh County WV,54081,78859
Randolph County WV,54083,29405
Ritchie County WV,54085,10449
Roane County WV,54087,14926
Summers County WV,54089,13927
Taylor County WV,54091,16895
Tucker County WV,54093,7141
Tyler County WV,54095,9208
Upshur County WV,54097,24254
Wayne County WV,54099,42481
Webster County WV,54101,9154
Wetzel County WV,54103,16583
Wirt County WV,54105,5717
Wood County WV,54107,86956
Wyoming County WV,54109,23796
Adams County WI,55001,20875
Ashland County WI,55003,16157
Barron County WI,55005,45870
Bayfield County WI,55007,15014
Brown County WI,55009,248007
Buffalo County WI,55011,13587
Burnett County WI,55013,15457
Calumet County WI,55015,48971
Chippewa County WI,55017,62415
Clark County WI,55019,34690
Columbia County WI,55021,56833
Crawford County WI,55023,16644
Dane County WI,55025,488073
Dodge County WI,55027,88759
Door County WI,55029,27785
Douglas County WI,55031,44159
Dunn County WI,55033,43857
Eau Claire County WI,55035,98736
Florence County WI,55037,4423
Fond du Lac County WI,55039,101633
Forest County WI,55041,9304
Grant County WI,55043,51208
Green County WI,55045,36842
Green Lake County WI,55047,19051
Iowa County WI,55049,23687
Iron County WI,55051,5916
Jackson County WI,55053,20449
Jefferson County WI,55055,83686
Juneau County WI,55057,26664
Kenosha County WI,55059,166426
Kewaunee County WI,55061,20574
La Crosse County WI,55063,114638
Lafayette County WI,55065,16836
Langlade County WI,55067,19977
Lincoln County WI,55069,28743
Manitowoc County WI,55071,81442
Marathon County WI,55073,134063
Marinette County WI,55075,41749
Marquette County WI,55077,15404
Menominee County WI,55078,4232
Milwaukee County WI,55079,947735
Monroe County WI,55081,44673
Oconto County WI,55083,37660
Oneida County WI,55085,35998
Outagamie County WI,55087,176695
Ozaukee County WI,55089,86395
Pepin County WI,55091,7469
Pierce County WI,55093,41019
Polk County WI,55095,44205
Portage County WI,55097,70019
Price County WI,55099,14159
Racine County WI,55101,195408
Richland County WI,55103,18021
Rock County WI,55105,160331
Rusk County WI,55107,14755
St. Croix County WI,55109,84345
Sauk County WI,55111,61976
Sawyer County WI,55113,16557
Shawano County WI,55115,41949
Sheboygan County WI,55117,115507
Taylor County WI,55119,20689
Trempealeau County WI,55121,28816
Vernon County WI,55123,29773
Vilas County WI,55125,21430
Walworth County WI,55127,102228
Washburn County WI,55129,15911
Washington County WI,55131,131887
Waukesha County WI,55133,389891
Waupaca County WI,55135,52410
Waushara County WI,55137,24496
Winnebago County WI,55139,166994
Wood County WI,55141,74749
Albany County WY,56001,36299
Big Horn County WY,56003,11668
Campbell County WY,56005,46133
Carbon County WY,56007,15885
Converse County WY,56009,13833
Crook County WY,56011,7083
Fremont County WY,56013,40123
Goshen County WY,56015,13249
Hot Springs County WY,56017,4812
Johnson County WY,56019,8569
Laramie County WY,56021,91738
Lincoln County WY,56023,18106
Natrona County WY,56025,75450
Niobrara County WY,56027,2484
Park County WY,56029,28205
Platte County WY,56031,8667
Sheridan County WY,56033,29116
Sublette County WY,56035,10247
Sweetwater County WY,56037,43806
Teton County WY,56039,21294
Uinta County WY,56041,21118
Washakie County WY,56043,8533
Weston County WY,56045,7208
